census_tract_GEOID,eviction_rate,total_evictions,eviction_filings,foreclosure_sales,foreclosure_rate,lien_foreclosures,lien_foreclosure_rate,year
12057000401,0.51010101,19.89393939,39.0,4.0,0.9259259259259258,,,2017
12057010105,0.428571429,9.428571438,22.0,5.0,0.7656967840735069,0.0,0.0,2017
12057010203,0.5189873420000001,22.316455706000003,43.0,2.0,1.015228426395939,0.0,0.0,2017
12057010600,0.553333333,37.626666644,68.0,2.0,0.4158004158004158,,,2017
12057002300,0.540540541,3.2432432460000005,6.0,8.0,1.351351351351351,0.0,0.0,2017
12057004900,0.455445545,6.37623763,14.0,1.0,0.210970464135021,1.0,0.1579778830963665,2017
12057010402,0.570247934,69.000000014,121.0,4.0,0.6535947712418301,2.0,0.2444987775061124,2017
12057011106,0.571428571,7.999999993999999,14.0,1.0,0.5208333333333333,1.0,0.3095975232198142,2017
12057012103,0.540433925,57.826429975,107.0,4.0,0.6814310051107325,5.0,0.5543237250554324,2017
12057012304,0.430769231,11.200000006000002,26.0,9.0,1.1421319796954317,1.0,0.092250922509225,2017
12057013922,0.4516129029999999,3.161290321,7.0,4.0,0.3007518796992481,3.0,0.170261066969353,2017
12057013923,0.523809524,4.714285716,9.0,6.0,0.3325942350332594,6.0,0.2814258911819887,2017
12057014007,0.5476190479999999,13.6904762,25.0,6.0,0.6302521008403361,10.0,0.9319664492078285,2017
12057014008,0.0,0.0,0.0,2.0,0.3067484662576687,1.0,0.0589970501474926,2017
12057014009,0.0,0.0,0.0,0.0,0.0,0.0,0.0,2017
12057014010,0.75,0.75,1.0,3.0,0.592885375494071,1.0,0.0744047619047619,2017
12057014011,0.518092225,1.03618445,2.0,0.0,0.0,5.0,0.2513826043237808,2017
12057014012,0.0,0.0,0.0,0.0,0.0,3.0,0.1889168765743073,2017
12057014013,0.621621622,3.729729732,6.0,1.0,0.6896551724137931,,,2017
12057014014,0.0,0.0,0.0,2.0,0.7168458781362007,,,2017
12057014015,,,,1.0,0.2785515320334262,0.0,0.0,2017
12057014016,,,,0.0,0.0,,,2017
12057014117,0.375,3.0,8.0,8.0,1.08991825613079,1.0,0.0931966449207828,2017
12057014119,0.438596491,6.578947365,15.0,9.0,0.509915014164306,9.0,0.3959524857017157,2017
12057014121,0.416666667,5.000000004,12.0,7.0,0.6167400881057269,0.0,0.0,2017
12057014118,0.421052632,0.8421052640000001,2.0,1.0,0.0946073793755913,1.0,0.0585480093676815,2017
12057980300,,,,,,,,2017
12057014122,0.416666667,14.166666678000002,34.0,18.0,1.466992665036675,14.0,0.9907997169143666,2017
12057980100,,,,,,,,2017
12057980200,,,,,,,,2017
12057980400,,,,,,,,2017
12057000201,0.515991471,37.667377383,73.0,1.0,1.0309278350515465,5.0,3.067484662576687,2017
12057000202,0.574534161,42.515527914,74.0,9.0,1.7999999999999998,,,2017
12057000101,0.512280702,26.638596504,52.0,1.0,0.25,,,2017
12057000601,0.570397112,45.63176896,80.0,3.0,0.6976744186046512,0.0,0.0,2017
12057000602,0.466666667,5.133333337000001,11.0,2.0,0.8968609865470852,,,2017
12057000901,0.53875969,35.55813954,66.0,4.0,1.1494252873563218,0.0,0.0,2017
12057000902,0.539400666,72.27968924400001,134.0,4.0,1.6597510373443984,1.0,0.3105590062111801,2017
12057001001,0.469107551,37.997711631,81.0,2.0,1.8691588785046729,,,2017
12057005301,0.487804878,28.292682924,58.0,0.0,0.0,0.0,0.0,2017
12057006101,0.285714286,0.285714286,1.0,3.0,0.4580152671755725,1.0,0.0951474785918173,2017
12057001002,0.53125,33.46875,63.0,15.0,2.435064935064936,,,2017
12057005302,0.454545455,7.727272735,17.0,1.0,0.6896551724137931,1.0,0.3533568904593639,2017
12057005401,0.5625,2.8125,5.0,4.0,0.4246284501061571,2.0,0.1437814521926671,2017
12057006103,0.3,1.7999999999999998,6.0,5.0,0.8012820512820512,0.0,0.0,2017
12057006501,0.507936508,8.126984128,16.0,0.0,0.0,,,2017
12057006502,0.4576271189999999,2.288135595,5.0,0.0,0.0,4.0,1.1976047904191618,2017
12057007001,0.4227642279999999,10.5691057,25.0,4.0,0.6163328197226503,,,2017
12057001700,0.560747664,11.775700944,21.0,7.0,0.6698564593301436,,,2017
12057002200,0.5932203389999999,2.966101695,5.0,0.0,0.0,,,2017
12057003500,0.45959596,11.489899,25.0,4.0,1.7467248908296942,,,2017
12057003900,0.564102564,16.92307692,30.0,1.0,0.8771929824561403,3.0,1.282051282051282,2017
12057004400,0.487179487,13.153846149,27.0,0.0,0.0,,,2017
12057004500,0.559139785,10.06451613,18.0,6.0,1.0619469026548671,,,2017
12057004600,0.4112903229999999,12.750000013,31.0,9.0,3.169014084507042,1.0,0.1686340640809443,2017
12057004700,0.375,1.125,3.0,7.0,1.7587939698492463,,,2017
12057007200,0.5,13.0,26.0,9.0,1.0935601458080195,,,2017
12057010107,0.507042254,8.619718318,17.0,2.0,0.7633587786259541,,,2017
12057011005,0.473684211,1.421052633,3.0,4.0,0.64,0.0,0.0,2017
12057011008,0.453846154,14.069230774,31.0,4.0,0.5340453938584779,2.0,0.165837479270315,2017
12057011409,0.588235294,9.999999998,17.0,4.0,0.7797270955165692,1.0,0.099601593625498,2017
12057011510,0.3157894739999999,0.3157894739999999,1.0,0.0,0.0,5.0,0.3759398496240601,2017
12057011512,0.454545455,0.454545455,1.0,3.0,0.3194888178913738,4.0,0.3308519437551696,2017
12057011606,0.540145985,25.92700728,48.0,3.0,0.2879078694817658,7.0,0.4181600955794504,2017
12057011902,0.524038462,12.052884626,23.0,13.0,1.0906040268456376,4.0,0.2326934264107039,2017
12057012206,0.5,9.0,18.0,6.0,0.4405286343612335,5.0,0.2745744096650192,2017
12057013504,0.551282051,4.961538459000001,9.0,5.0,0.9727626459143968,,,2017
12057013602,0.657894737,3.289473685,5.0,2.0,0.7434944237918215,,,2017
12057013804,0.555194805,37.75324674,68.0,12.0,0.619514713474445,10.0,0.4430660168365086,2017
12057000402,0.5735294120000001,13.191176476000004,23.0,2.0,0.6688963210702341,,,2017
12057003300,0.512953368,9.233160624,18.0,1.0,1.0752688172043012,,,2017
12057003400,0.5154185020000001,14.947136558000002,29.0,3.0,1.7857142857142856,,,2017
12057003600,0.5504587160000001,30.825688096000004,56.0,3.0,0.7109004739336493,0.0,0.0,2017
12057003700,0.664596273,15.285714279,23.0,1.0,1.7241379310344829,,,2017
12057005700,0.593023256,3.5581395360000005,6.0,4.0,0.6622516556291391,3.0,0.3562945368171021,2017
12057006000,0.490566038,5.886792456,12.0,2.0,0.1779359430604982,,,2017
12057006300,0.375,0.375,1.0,2.0,0.2047082906857728,1.0,0.0710732054015636,2017
12057007300,,,,,,,,2017
12057001100,0.5,5.0,10.0,10.0,2.083333333333333,1.0,0.1373626373626373,2017
12057002100,0.48630137,9.23972603,19.0,4.0,0.7168458781362007,,,2017
12057002900,0.470588235,3.294117645,7.0,0.0,0.0,0.0,0.0,2017
12057013002,0.561403509,11.22807018,20.0,1.0,0.119047619047619,0.0,0.0,2017
12057013312,0.525,6.300000000000001,12.0,5.0,0.7692307692307693,5.0,0.3924646781789638,2017
12057014002,0.321428571,2.892857139,9.0,2.0,0.8658008658008658,,,2017
12057013003,0.6315789470000001,9.473684205,15.0,1.0,0.2976190476190476,,,2017
12057013206,0.1363636359999999,1.6363636319999997,12.0,7.0,0.4874651810584958,2.0,0.1072386058981233,2017
12057013307,0.575471698,36.830188672,64.0,2.0,0.7751937984496124,4.0,1.10803324099723,2017
12057013503,0.541666667,13.000000008,24.0,8.0,2.476780185758514,,,2017
12057013903,0.47826087,2.39130435,5.0,5.0,0.99601593625498,,,2017
12057006802,0.5,2.0,4.0,2.0,0.2666666666666666,1.0,0.0985221674876847,2017
12057011708,0.307692308,29.23076926,95.0,1.0,0.2247191011235955,1.0,0.1628664495114006,2017
12057012402,0.545454545,4.909090905,9.0,0.0,0.0,,,2017
12057012403,0.514705882,7.205882348,14.0,5.0,0.6747638326585695,5.0,0.3852080123266564,2017
12057001300,0.5,11.5,23.0,8.0,0.9060022650056626,,,2017
12057001400,0.5958904110000001,11.91780822,20.0,8.0,1.244167962674961,,,2017
12057002700,0.4642857139999999,11.60714285,25.0,5.0,0.6459948320413437,0.0,0.0,2017
12057005500,0.5,2.0,4.0,3.0,0.6224066390041494,0.0,0.0,2017
12057005800,0.416666667,3.750000003,9.0,5.0,0.5055611729019212,1.0,0.0674308833445718,2017
12057006801,0.53,23.32,44.0,5.0,0.5296610169491525,0.0,0.0,2017
12057010205,0.378787879,4.924242427,13.0,11.0,0.5929919137466307,11.0,0.4506349856616141,2017
12057010303,0.5903614460000001,23.614457840000004,40.0,1.0,0.4385964912280701,,,2017
12057010702,0.408163265,8.97959183,22.0,0.0,0.0,1.0,0.1394700139470014,2017
12057003100,0.529801325,15.89403975,30.0,5.0,1.984126984126984,,,2017
12057001900,0.485380117,20.385964914,42.0,2.0,1.020408163265306,,,2017
12057002000,0.505882353,16.694117649,33.0,9.0,2.727272727272727,,,2017
12057002500,0.536170213,48.791489383,91.0,2.0,0.4273504273504274,1.0,0.1336898395721925,2017
12057003800,0.452054795,3.61643836,8.0,2.0,2.5,0.0,0.0,2017
12057010808,0.524050633,39.303797475,75.0,1.0,inf,1.0,2.702702702702702,2017
12057000300,0.508371385,65.07153728,128.0,12.0,2.0202020202020203,0.0,0.0,2017
12057005102,0.2666666669999999,9.866666678999998,37.0,0.0,0.0,2.0,0.1537279016141429,2017
12057004000,0.0,0.0,0.0,0.0,0.0,,,2017
12057004100,0.506329114,10.12658228,20.0,0.0,0.0,,,2017
12057010103,0.636363636,5.090909088,8.0,9.0,1.361573373676248,,,2017
12057011006,0.54,7.0200000000000005,13.0,10.0,0.8176614881439084,1.0,0.0549148819330038,2017
12057011108,0.4,1.2000000000000002,3.0,0.0,0.0,,,2017
12057011203,0.587301587,6.460317457,11.0,2.0,0.3663003663003663,5.0,0.53475935828877,2017
12057011206,0.476923077,14.30769231,30.0,3.0,0.8108108108108109,1.0,0.1564945226917058,2017
12057011407,0.6190476189999999,6.809523808999999,11.0,2.0,0.4081632653061224,3.0,0.4070556309362279,2017
12057011412,0.52688172,11.06451612,21.0,4.0,1.1019283746556474,0.0,0.0,2017
12057011507,0.420289855,4.623188405,11.0,3.0,0.2793296089385474,11.0,0.6802721088435374,2017
12057011509,0.4,2.0,5.0,5.0,0.3385240352064997,8.0,0.3879728419010669,2017
12057011516,0.540540541,5.945945951000001,11.0,3.0,0.6437768240343348,0.0,0.0,2017
12057011603,0.310344828,1.862068968,6.0,8.0,1.199400299850075,1.0,0.1058201058201058,2017
12057011605,0.612149533,13.467289726,22.0,7.0,0.8928571428571428,,,2017
12057011803,0.484745763,27.145762728,56.0,3.0,0.5454545454545455,8.0,0.9433962264150944,2017
12057011901,0.574534161,51.133540329,89.0,7.0,3.8461538461538463,,,2017
12057012001,0.522727273,8.886363640999999,17.0,6.0,1.366742596810934,,,2017
12057013314,0.44,7.92,18.0,2.0,0.3766478342749529,0.0,0.0,2017
12057001800,0.531976744,39.366279056,74.0,6.0,1.8575851393188851,1.0,0.1615508885298869,2017
12057002400,0.62804878,18.21341462,29.0,4.0,0.7207207207207207,,,2017
12057002600,0.45,16.2,36.0,0.0,0.0,0.0,0.0,2017
12057002800,0.463414634,2.780487804,6.0,4.0,0.5594405594405595,1.0,0.0911577028258887,2017
12057980500,,,,,,,,2017
12057980600,,,,,,,,2017
12057980700,,,,,,,,2017
12057990000,,,,,,,,2017
12057990100,,,,,,,,2017
12057010814,0.470588235,21.64705881,46.0,0.0,0.0,,,2017
12057010815,0.517241379,32.586206877,63.0,,,,,2017
12057010816,0.544827586,70.282758594,129.0,1.0,inf,,,2017
12057010817,0.567669173,65.849624068,116.0,1.0,0.5050505050505051,0.0,0.0,2017
12057010818,0.539665971,85.806889389,159.0,2.0,11.11111111111111,,,2017
12057011012,0.47826087,4.30434783,9.0,2.0,0.1196888090963494,7.0,0.3491271820448878,2017
12057011013,0.5727272729999999,10.881818187,19.0,3.0,0.591715976331361,3.0,0.4189944134078212,2017
12057011014,0.453488372,5.441860464,12.0,,,1.0,inf,2017
12057011015,0.4629629629999999,45.370370374,98.0,4.0,0.975609756097561,3.0,0.4016064257028112,2017
12057011016,0.58974359,4.71794872,8.0,0.0,0.0,3.0,0.4048582995951417,2017
12057011109,0.434782609,0.869565218,2.0,3.0,0.3597122302158274,0.0,0.0,2017
12057011303,0.452830189,3.169811323,7.0,2.0,0.5361930294906166,3.0,0.4178272980501393,2017
12057011304,0.4690265489999999,10.787610627,23.0,6.0,0.591715976331361,2.0,0.1181334908446544,2017
12057011417,0.587719298,7.640350874,13.0,7.0,0.8018327605956471,4.0,0.3430531732418524,2017
12057011418,0.438596491,4.38596491,10.0,3.0,0.4195804195804196,5.0,0.4125412541254125,2017
12057011517,0.481481481,2.407407405,5.0,4.0,0.1550387596899224,3.0,0.0900360144057623,2017
12057011518,0.615384615,2.46153846,4.0,6.0,0.6012024048096193,0.0,0.0,2017
12057011519,0.0,0.0,0.0,1.0,0.1984126984126984,4.0,0.5412719891745602,2017
12057011520,0.533333333,6.933333329,13.0,4.0,0.4733727810650888,7.0,0.6092254134029591,2017
12057011521,0.515151515,4.636363635,9.0,1.0,0.3424657534246575,,,2017
12057011522,0.56,0.56,1.0,2.0,0.2493765586034912,1.0,0.0845308537616229,2017
12057011523,0.5,0.5,1.0,1.0,0.2331002331002331,,,2017
12057011524,0.47979798,19.67171718,41.0,0.0,0.0,1.0,0.1572327044025157,2017
12057011614,0.549295775,14.28169015,26.0,7.0,0.8,0.0,0.0,2017
12057011615,0.4704049839999999,15.052959488,32.0,2.0,0.4405286343612335,3.0,0.3994673768308922,2017
12057011709,0.461538462,5.076923082,11.0,2.0,1.7241379310344829,,,2017
12057013406,0.580645161,4.064516127,7.0,3.0,1.477832512315271,,,2017
12057013409,0.564102564,8.46153846,15.0,3.0,0.3275109170305676,4.0,0.3241491085899514,2017
12057013801,0.485294118,12.13235295,25.0,2.0,0.7722007722007722,1.0,0.2398081534772182,2017
12057014104,0.533333333,2.666666665,5.0,0.0,0.0,,,2017
12057010305,0.5792682929999999,20.274390255,35.0,2.0,0.4228329809725158,,,2017
12057010701,0.5824742270000001,12.814432994,22.0,6.0,0.713436385255648,1.0,0.0750187546886721,2017
12057011103,0.516129032,3.0967741920000003,6.0,5.0,0.5854800936768151,1.0,0.0783699059561128,2017
12057011408,0.607843137,8.509803918000001,14.0,3.0,0.7281553398058253,2.0,0.2928257686676427,2017
12057011413,0.488888889,5.866666668,12.0,9.0,0.8021390374331552,2.0,0.1299545159194282,2017
12057011608,0.75,0.75,1.0,0.0,0.0,2.0,0.4830917874396135,2017
12057011611,0.514705882,5.661764702,11.0,6.0,0.8534850640113799,5.0,0.4570383912248629,2017
12057012208,0.616216216,9.859459456,16.0,12.0,0.7104795737122558,3.0,0.1361161524500907,2017
12057013205,0.566666667,11.33333334,20.0,12.0,0.6928406466512702,12.0,0.529333921482135,2017
12057013208,0.444444444,1.333333332,3.0,4.0,0.3284072249589491,7.0,0.4270896888346553,2017
12057013305,0.5,3.0,6.0,8.0,0.7561436672967864,4.0,0.2752924982794218,2017
12057013407,0.411764706,7.411764708000001,18.0,11.0,0.7498295841854125,3.0,0.1375515818431912,2017
12057013802,0.5371900829999999,23.099173569,43.0,1.0,0.3048780487804878,0.0,0.0,2017
12057013803,0.460431655,11.97122303,26.0,1.0,0.9174311926605504,,,2017
12057014003,0.25,0.25,1.0,1.0,0.3174603174603174,1.0,0.1589825119236884,2017
12057014109,0.445945946,11.14864865,25.0,10.0,0.9208103130755064,6.0,0.3802281368821292,2017
12057013505,0.524475524,17.832167816,34.0,6.0,1.4962593516209477,,,2017
12057013702,0.5491803279999999,22.516393448,41.0,22.0,1.1207335710646968,10.0,0.3813882532418001,2017
12057013907,0.533333333,0.533333333,1.0,1.0,0.2538071065989847,,,2017
12057000500,0.395348837,0.790697674,2.0,7.0,0.8092485549132947,1.0,0.0719424460431654,2017
12057001200,0.428571429,10.714285725,25.0,4.0,1.2987012987012987,0.0,0.0,2017
12057001500,0.461538462,0.923076924,2.0,3.0,0.4231311706629055,,,2017
12057001600,0.634146341,1.902439023,3.0,3.0,0.8264462809917356,,,2017
12057011515,0.4583333329999999,2.291666665,5.0,11.0,1.3095238095238095,7.0,0.6065857885615251,2017
12057013001,0.492385787,24.619289350000003,50.0,0.0,0.0,1.0,0.1447178002894356,2017
12057000700,0.528114664,79.21719959999999,150.0,4.0,1.015228426395939,0.0,0.0,2017
12057003200,0.541666667,9.750000006,18.0,1.0,0.6211180124223602,,,2017
12057011107,0.486111111,2.430555555,5.0,10.0,0.8525149190110828,5.0,0.271591526344378,2017
12057011506,0.471910112,8.966292128000001,19.0,5.0,0.3369272237196766,10.0,0.4821600771456124,2017
12057012104,0.540983607,68.163934482,126.0,3.0,0.6012024048096193,1.0,0.1116071428571428,2017
12057011802,0.557377049,6.131147539,11.0,9.0,0.8093525179856115,3.0,0.186219739292365,2017
12057011804,0.609195402,10.965517236,18.0,3.0,0.4885993485342019,2.0,0.1839926402943882,2017
12057012108,0.561797753,7.303370789000001,13.0,7.0,1.1884550084889642,0.0,0.0,2017
12057012209,0.461538462,6.923076930000001,15.0,5.0,0.5458515283842794,6.0,0.4893964110929852,2017
12057012210,0.481012658,17.316455687999998,36.0,5.0,0.7112375533428165,4.0,0.2779708130646282,2017
12057012211,0.545454545,1.09090909,2.0,,,1.0,5.263157894736842,2017
12057012212,0.517985612,40.920863348000005,79.0,3.0,1.0309278350515465,2.0,0.5555555555555556,2017
12057012213,0.508196721,17.278688514000002,34.0,5.0,0.6353240152477764,0.0,0.0,2017
12057012503,0.609756098,15.243902449999998,25.0,4.0,0.5012531328320802,8.0,0.653061224489796,2017
12057010810,0.511764706,15.35294118,30.0,1.0,0.7142857142857143,0.0,0.0,2017
12057010811,0.507418398,38.563798248,76.0,1.0,0.2320185614849187,8.0,0.903954802259887,2017
12057010812,0.518115942,66.318840576,128.0,,,3.0,0.967741935483871,2017
12057010813,0.517426273,38.806970475,75.0,2.0,14.285714285714285,,,2017
12057007002,0.508474576,21.864406768,43.0,2.0,1.058201058201058,3.0,0.9202453987730062,2017
12057007102,0.398305085,5.57627119,14.0,0.0,0.0,0.0,0.0,2017
12057007103,0.5,6.5,13.0,2.0,0.2797202797202797,0.0,0.0,2017
12057010209,0.487922705,16.101449265,33.0,10.0,0.4144218814753419,23.0,0.7618416694269625,2017
12057010210,0.510869565,8.17391304,16.0,1.0,0.3105590062111801,4.0,0.7590132827324478,2017
12057010211,0.4651162789999999,12.093023253999998,26.0,6.0,0.6302521008403361,8.0,0.612088752869166,2017
12057010212,0.416666667,4.583333337000001,11.0,5.0,0.4456327985739751,7.0,0.4781420765027322,2017
12057010213,0.6,8.4,14.0,5.0,1.607717041800643,,,2017
12057010214,0.0,0.0,0.0,,,,,2017
12057010501,0.50989011,46.90989011999999,92.0,9.0,2.18978102189781,9.0,1.0962241169305724,2017
12057010502,0.478527607,18.662576673,39.0,3.0,0.9090909090909092,2.0,0.4319654427645789,2017
12057010809,0.50862069,13.22413794,26.0,0.0,0.0,1.0,0.2754820936639118,2017
12057011710,0.485207101,31.053254464,64.0,4.0,0.6006006006006006,8.0,0.8238928939237898,2017
12057011712,0.520833333,9.374999994,18.0,6.0,0.7712082262210797,2.0,0.1534919416730621,2017
12057011904,0.545945946,19.654054056,36.0,0.0,0.0,,,2017
12057011905,0.552941176,8.847058816,16.0,1.0,0.847457627118644,,,2017
12057011906,0.425454545,17.443636345,41.0,4.0,0.9876543209876544,1.0,0.1497005988023952,2017
12057012107,0.447916667,18.364583347000003,41.0,5.0,0.998003992015968,3.0,0.3164556962025316,2017
12057004800,0.551401869,11.02803738,20.0,6.0,0.9917355371900828,1.0,0.0980392156862745,2017
12057006200,0.476190476,1.904761904,4.0,1.0,0.0928505106778087,1.0,0.0739644970414201,2017
12057006400,0.0,0.0,0.0,5.0,0.5122950819672131,0.0,0.0,2017
12057006600,0.381818182,1.527272728,4.0,4.0,0.6993006993006993,5.0,0.4935834155972359,2017
12057010401,0.5729537370000001,26.355871902000004,46.0,8.0,1.4084507042253522,4.0,0.4509582863585118,2017
12057012504,0.416666667,4.583333337000001,11.0,5.0,0.5399568034557235,10.0,0.8628127696289906,2017
12057013315,0.441340782,49.430167584,112.0,10.0,12.5,1.0,0.6535947712418301,2017
12057013316,0.572519084,30.343511452,53.0,,,0.0,,2017
12057013317,0.439189189,20.641891883,47.0,,,,,2017
12057013318,0.4234234229999999,20.747747727,49.0,2.0,2.247191011235955,2.0,2.247191011235955,2017
12057013319,0.4379562039999999,23.211678812,53.0,3.0,0.2744739249771272,12.0,0.9448818897637796,2017
12057013320,0.5,14.5,29.0,3.0,0.911854103343465,5.0,1.0615711252653928,2017
12057013321,0.489655172,16.158620676,33.0,11.0,0.7976794778825236,9.0,0.5646173149309912,2017
12057013322,0.410828025,23.417197425,57.0,6.0,0.6217616580310881,3.0,0.2243829468960358,2017
12057013410,0.511945392,27.133105776,53.0,8.0,1.0752688172043012,4.0,0.3846153846153846,2017
12057013411,0.56,6.720000000000001,12.0,2.0,0.3508771929824561,2.0,0.2053388090349076,2017
12057013412,0.474576271,7.593220336,16.0,5.0,0.7072135785007072,5.0,0.4694835680751174,2017
12057013413,0.461538462,1.384615386,3.0,2.0,0.198807157057654,2.0,0.1514004542013626,2017
12057013414,0.471698113,7.547169808,16.0,6.0,0.4691164972634871,3.0,0.1565762004175365,2017
12057013912,0.535714286,2.142857144,4.0,8.0,0.8791208791208791,4.0,0.3314001657000828,2017
12057012701,0.537878788,29.58333334,55.0,4.0,0.8456659619450317,6.0,0.683371298405467,2017
12057013204,0.588235294,13.529411762,23.0,3.0,0.5825242718446602,3.0,0.2425222312045271,2017
12057013908,0.4835164839999999,10.153846164,21.0,14.0,0.672107537205953,25.0,0.7969397513547977,2017
12057012600,0.571428571,19.999999985,35.0,1.0,0.1277139208173691,2.0,0.1680672268907563,2017
12057003000,0.529761905,26.48809525,50.0,1.0,0.9174311926605504,,,2017
12057005000,0.508474576,12.7118644,25.0,1.0,1.5384615384615383,,,2017
12057006900,0.54,12.96,24.0,4.0,0.3714020427112349,2.0,0.1124227093872962,2017
12057010304,0.535714286,11.785714292000002,22.0,7.0,1.1608623548922057,2.0,0.1966568338249754,2017
12057011416,0.534653465,14.435643555,27.0,14.0,1.2334801762114538,8.0,0.49813200498132,2017
12057013704,0.594095941,47.52767528,80.0,7.0,0.5094614264919942,28.0,1.5765765765765765,2017
12057013415,0.454545455,4.090909095,9.0,4.0,0.4602991944764096,1.0,0.0841750841750841,2017
12057013604,0.518072289,7.771084335,15.0,1.0,2.380952380952381,,,2017
12057013703,0.541436464,30.861878448,57.0,6.0,0.5217391304347827,5.0,0.364963503649635,2017
12057013806,0.653846154,1.307692308,2.0,2.0,0.3809523809523809,1.0,0.1402524544179523,2017
12057013807,0.529411765,13.76470589,26.0,12.0,0.6688963210702341,17.0,0.7327586206896551,2017
12057013913,0.344827586,2.413793102,7.0,5.0,0.2895193977996526,17.0,0.6340917568071615,2017
12057013914,0.533333333,2.133333332,4.0,3.0,0.6072874493927125,0.0,0.0,2017
12057013915,0.5,9.5,19.0,18.0,1.0072747621712368,21.0,0.9985734664764622,2017
12057013916,0.505747126,13.655172402000002,27.0,28.0,1.1217948717948718,15.0,0.4752851711026616,2017
12057013917,0.432835821,6.492537315,15.0,11.0,0.7773851590106008,19.0,1.1020881670533642,2017
12057013918,0.625,4.375,7.0,1.0,0.3745318352059925,,,2017
12057013919,0.4428571429999999,6.642857144999999,15.0,5.0,0.337154416722859,2.0,0.1132502831257078,2017
12057013920,0.25,3.0,12.0,5.0,0.7861635220125787,1.0,0.0965250965250965,2017
12057013921,0.25,0.25,1.0,5.0,0.4916420845624385,4.0,0.321285140562249,2017
12057012301,0.447154472,19.674796768,44.0,7.0,0.6529850746268656,1.0,0.0588581518540317,2017
12057013501,0.602189781,15.656934306,26.0,0.0,0.0,3.0,0.4120879120879121,2017
12057011003,0.581395349,51.162790712,88.0,3.0,0.7299270072992701,1.0,0.1422475106685633,2017
12057011612,0.518181818,12.436363632,24.0,11.0,1.0816125860373649,11.0,0.6853582554517134,2017
12057012207,0.560606061,12.893939403,23.0,17.0,1.161995898838004,12.0,0.576923076923077,2017
12057012303,0.537634409,7.526881726000001,14.0,3.0,0.8620689655172413,,,2017
12057012401,0.45,4.5,10.0,3.0,0.4926108374384236,,,2017
12057012702,0.593406593,14.241758232,24.0,5.0,1.5432098765432098,0.0,0.0,2017
12057013004,0.466666667,2.800000002,6.0,7.0,1.2844036697247707,0.0,0.0,2017
12057013100,0.45,5.4,12.0,2.0,0.5602240896358543,,,2017
12057013203,0.375,5.25,14.0,6.0,0.819672131147541,5.0,0.4873294346978557,2017
12057013207,0.454545455,4.54545455,10.0,4.0,0.5578800557880056,3.0,0.2331002331002331,2017
12057013313,0.515151515,7.21212121,14.0,7.0,0.8816120906801008,4.0,0.3012048192771084,2017
12057014108,0.419642857,12.58928571,30.0,8.0,1.2539184952978055,5.0,0.4248088360237893,2017
12057012106,0.461538462,7.384615392000001,16.0,6.0,0.570884871550904,3.0,0.1851851851851852,2017
12057012900,0.56,7.280000000000001,13.0,3.0,1.2987012987012987,1.0,0.1848428835489833,2017
12057011415,0.648648649,4.540540543,7.0,3.0,0.2483443708609271,3.0,0.1845018450184501,2017
12057011514,0.457142857,3.199999999,7.0,13.0,1.007751937984496,10.0,0.5431830526887561,2017
12057011607,0.481203008,15.398496256,32.0,4.0,0.3762935089369708,6.0,0.2424242424242424,2017
12057011613,0.598253275,41.279475975,69.0,8.0,1.36986301369863,1.0,0.0947867298578199,2017
12057011706,0.477848101,31.537974666,66.0,5.0,0.7363770250368188,,,2017
12057012002,0.530726257,28.659217878,54.0,10.0,1.968503937007874,1.0,0.1310615989515072,2017
12057012501,0.55,8.8,16.0,1.0,0.1798561151079137,7.0,0.6340579710144928,2017
12057013310,0.444444444,5.777777772,13.0,2.0,0.3929273084479371,1.0,0.1494768310911808,2017
12057013311,0.439393939,15.818181804,36.0,3.0,0.9803921568627452,2.0,0.33003300330033,2017
12057000800,0.531446541,34.544025165,65.0,5.0,1.0964912280701753,,,2017
12057004200,0.540540541,3.783783787,7.0,12.0,6.417112299465241,,,2017
12057004300,0.487437186,6.336683418000001,13.0,1.0,12.5,,,2017
12057005101,0.386666667,3.093333336,8.0,52.0,21.39917695473251,5.0,1.529051987767584,2017
12057005900,0.470588235,3.294117645,7.0,3.0,0.2238805970149253,0.0,0.0,2017
12057006700,0.590909091,2.954545455,5.0,1.0,0.0677048070412999,1.0,0.0516262261228704,2017
12057010106,0.595744681,4.765957448,8.0,7.0,1.0071942446043165,,,2017
12057010204,0.5792682929999999,47.500000026,82.0,6.0,1.0135135135135136,2.0,0.1895734597156398,2017
12057010805,0.574754902,88.512254908,154.0,1.0,0.9345794392523364,0.0,0.0,2017
12057010900,,,,,,,,2017
12057011007,0.428571429,0.857142858,2.0,2.0,0.2604166666666666,1.0,0.0937207122774133,2017
12057011010,0.610687023,17.709923666999998,29.0,3.0,0.4347826086956521,7.0,0.7007007007007007,2017
12057011205,0.764705882,0.764705882,1.0,6.0,1.0362694300518136,1.0,0.101419878296146,2017
12057011410,0.375,6.0,16.0,8.0,0.5031446540880503,8.0,0.3842459173871277,2017
12057011411,0.444444444,2.666666664,6.0,4.0,1.10803324099723,1.0,0.1949317738791423,2017
12057011204,0.433823529,39.477941139,91.0,9.0,0.8946322067594433,0.0,0.0,2017
12057011301,0.4642857139999999,1.857142856,4.0,5.0,0.6765899864682002,0.0,0.0,2017
12057011414,0.406091371,17.868020324,44.0,11.0,1.0416666666666663,2.0,0.1392757660167131,2017
12057011610,0.515625,11.859375,23.0,4.0,0.8247422680412372,2.0,0.1784121320249777,2017
12057000102,0.591101695,44.332627125,75.0,9.0,1.9230769230769231,5.0,0.6622516556291391,2017
12057011504,1.0,2.0,2.0,0.0,0.0,0.0,0.0,2017
12057014106,0.526315789,5.789473678999999,11.0,2.0,0.3442340791738382,0.0,0.0,2017
12057012800,0.583333333,10.499999994,18.0,3.0,0.4172461752433936,,,2017
12057010108,0.5,3.5,7.0,6.0,1.7647058823529411,,,2017
12057000401,0.51010101,12.75252525,25.0,1.0,0.2314814814814814,,,2018
12057010105,0.428571429,3.000000003,7.0,6.0,0.9188361408882084,1.0,0.0896860986547085,2018
12057010203,0.5189873420000001,10.898734182000002,21.0,3.0,1.5228426395939088,1.0,0.2695417789757413,2018
12057010600,0.553333333,34.306666646,62.0,1.0,0.2079002079002079,,,2018
12057002300,0.540540541,4.324324328,8.0,2.0,0.3378378378378378,1.0,0.1219512195121951,2018
12057004900,0.455445545,15.48514853,34.0,2.0,0.4219409282700421,1.0,0.1579778830963665,2018
12057010402,0.570247934,56.454545466,99.0,5.0,0.8169934640522877,1.0,0.1222493887530562,2018
12057011106,0.571428571,9.714285707,17.0,1.0,0.5208333333333333,0.0,0.0,2018
12057012103,0.540433925,55.664694275,103.0,3.0,0.5110732538330494,7.0,0.7760532150776054,2018
12057012304,0.430769231,5.169230772000001,12.0,8.0,1.015228426395939,4.0,0.3690036900369003,2018
12057013922,0.4516129029999999,3.161290321,7.0,6.0,0.4511278195488722,9.0,0.5107832009080591,2018
12057013923,0.523809524,6.285714288,12.0,4.0,0.2217294900221729,5.0,0.2345215759849906,2018
12057014007,0.5476190479999999,10.404761912,19.0,8.0,0.8403361344537815,6.0,0.5591798695246971,2018
12057014008,0.5,0.5,1.0,1.0,0.1533742331288343,1.0,0.0589970501474926,2018
12057014009,0.5,1.0,2.0,1.0,0.45662100456621,2.0,0.4310344827586206,2018
12057014010,0.0,0.0,0.0,2.0,0.3952569169960474,1.0,0.0744047619047619,2018
12057014011,0.0,0.0,0.0,1.0,0.1385041551246537,5.0,0.2513826043237808,2018
12057014012,0.518092225,0.518092225,1.0,0.0,0.0,1.0,0.0629722921914357,2018
12057014013,0.621621622,5.5945945980000005,9.0,0.0,0.0,,,2018
12057014014,0.75,0.75,1.0,0.0,0.0,,,2018
12057014015,,,,0.0,0.0,0.0,0.0,2018
12057014016,,,,0.0,0.0,,,2018
12057014117,0.375,0.75,2.0,5.0,0.6811989100817438,1.0,0.0931966449207828,2018
12057014119,0.438596491,7.0175438560000005,16.0,9.0,0.509915014164306,9.0,0.3959524857017157,2018
12057014121,0.416666667,4.583333337000001,11.0,8.0,0.7048458149779736,3.0,0.1977587343441002,2018
12057014118,0.421052632,0.8421052640000001,2.0,8.0,0.7568590350047304,1.0,0.0585480093676815,2018
12057980300,,,,,,,,2018
12057014122,0.416666667,11.250000009,27.0,12.0,0.9779951100244498,30.0,2.123142250530785,2018
12057980100,,,,,,,,2018
12057980200,,,,,,,,2018
12057980400,,,,,,,,2018
12057000201,0.515991471,45.407249448,88.0,1.0,1.0309278350515465,2.0,1.2269938650306749,2018
12057000202,0.574534161,48.835403685,85.0,9.0,1.7999999999999998,,,2018
12057000101,0.512280702,25.101754398,49.0,2.0,0.5,,,2018
12057000601,0.570397112,78.714801456,138.0,1.0,0.2325581395348837,1.0,0.1587301587301587,2018
12057000602,0.466666667,8.866666673000001,19.0,4.0,1.7937219730941705,,,2018
12057000901,0.53875969,23.70542636,44.0,4.0,1.1494252873563218,2.0,0.437636761487965,2018
12057000902,0.539400666,52.861265268,98.0,4.0,1.6597510373443984,0.0,0.0,2018
12057001001,0.469107551,34.713958774,74.0,2.0,1.8691588785046729,,,2018
12057005301,0.487804878,31.219512192,64.0,0.0,0.0,0.0,0.0,2018
12057006101,0.285714286,1.1428571440000002,4.0,1.0,0.1526717557251908,0.0,0.0,2018
12057001002,0.53125,24.4375,46.0,8.0,1.2987012987012987,,,2018
12057005302,0.454545455,8.18181819,18.0,3.0,2.0689655172413794,0.0,0.0,2018
12057005401,0.5625,3.9375,7.0,2.0,0.2123142250530785,1.0,0.0718907260963335,2018
12057006103,0.3,1.2,4.0,3.0,0.4807692307692308,0.0,0.0,2018
12057006501,0.507936508,4.063492064,8.0,4.0,0.8695652173913043,,,2018
12057006502,0.4576271189999999,2.745762714,6.0,1.0,0.7874015748031495,0.0,0.0,2018
12057007001,0.4227642279999999,9.300813016,22.0,2.0,0.3081664098613251,,,2018
12057001700,0.560747664,14.0186916,25.0,8.0,0.7655502392344498,,,2018
12057002200,0.5932203389999999,7.118644067999999,12.0,2.0,0.5988023952095809,,,2018
12057003500,0.45959596,5.51515152,12.0,2.0,0.8733624454148471,,,2018
12057003900,0.564102564,18.051282048,32.0,1.0,0.8771929824561403,3.0,1.282051282051282,2018
12057004400,0.487179487,9.74358974,20.0,2.0,0.9259259259259258,,,2018
12057004500,0.559139785,9.505376344999998,17.0,6.0,1.0619469026548671,,,2018
12057004600,0.4112903229999999,15.629032273999998,38.0,10.0,3.5211267605633805,4.0,0.6745362563237773,2018
12057004700,0.375,1.875,5.0,2.0,0.5025125628140703,,,2018
12057007200,0.5,7.0,14.0,7.0,0.850546780072904,,,2018
12057010107,0.507042254,6.084507048000001,12.0,1.0,0.381679389312977,,,2018
12057011005,0.473684211,1.894736844,4.0,2.0,0.32,0.0,0.0,2018
12057011008,0.453846154,12.707692312,28.0,3.0,0.4005340453938585,3.0,0.2487562189054726,2018
12057011409,0.588235294,1.764705882,3.0,3.0,0.5847953216374269,1.0,0.099601593625498,2018
12057011510,0.3157894739999999,0.9473684219999998,3.0,2.0,0.185013876040703,4.0,0.3007518796992481,2018
12057011512,0.0,0.0,0.0,3.0,0.3194888178913738,5.0,0.4135649296939619,2018
12057011606,0.540145985,30.24817516,56.0,14.0,1.343570057581574,7.0,0.4181600955794504,2018
12057011902,0.524038462,10.48076924,20.0,5.0,0.4194630872483221,3.0,0.1745200698080279,2018
12057012206,0.5,7.0,14.0,13.0,0.9544787077826724,6.0,0.3294892915980231,2018
12057013504,0.551282051,3.3076923060000003,6.0,4.0,0.7782101167315175,,,2018
12057013602,0.657894737,7.894736844,12.0,1.0,0.3717472118959107,,,2018
12057013804,0.555194805,23.31818181,42.0,12.0,0.619514713474445,12.0,0.5316792202038104,2018
12057000402,0.5735294120000001,11.47058824,20.0,5.0,1.6722408026755853,,,2018
12057003300,0.512953368,10.772020728,21.0,3.0,3.225806451612903,,,2018
12057003400,0.5154185020000001,15.46255506,30.0,2.0,1.1904761904761905,,,2018
12057003600,0.5504587160000001,26.972477084000005,49.0,5.0,1.1848341232227488,1.0,0.1492537313432836,2018
12057003700,0.664596273,17.279503098,26.0,2.0,3.4482758620689653,,,2018
12057005700,0.593023256,4.151162792,7.0,1.0,0.1655629139072847,0.0,0.0,2018
12057006000,0.490566038,2.45283019,5.0,2.0,0.1779359430604982,,,2018
12057006300,0.375,0.375,1.0,3.0,0.3070624360286591,0.0,0.0,2018
12057007300,,,,,,,,2018
12057001100,0.5,2.0,4.0,4.0,0.8333333333333334,0.0,0.0,2018
12057002100,0.48630137,6.32191781,13.0,3.0,0.5376344086021506,,,2018
12057002900,0.470588235,5.176470585000001,11.0,3.0,0.7407407407407408,2.0,0.4219409282700421,2018
12057013002,0.561403509,4.491228072,8.0,5.0,0.5952380952380952,0.0,0.0,2018
12057013312,0.525,7.35,14.0,7.0,1.0769230769230769,9.0,0.7064364207221351,2018
12057014002,0.321428571,1.285714284,4.0,0.0,0.0,,,2018
12057013003,0.6315789470000001,11.368421046000002,18.0,1.0,0.2976190476190476,,,2018
12057013206,0.1363636359999999,1.090909088,8.0,6.0,0.4178272980501393,2.0,0.1072386058981233,2018
12057013307,0.575471698,21.867924524,38.0,1.0,0.3875968992248062,1.0,0.2770083102493075,2018
12057013503,0.541666667,12.458333341,23.0,2.0,0.6191950464396285,,,2018
12057013903,0.47826087,0.95652174,2.0,4.0,0.796812749003984,,,2018
12057006802,0.5,3.0,6.0,3.0,0.4,5.0,0.4926108374384236,2018
12057011708,0.307692308,28.000000028,91.0,2.0,0.449438202247191,0.0,0.0,2018
12057012402,0.545454545,2.727272725,5.0,0.0,0.0,,,2018
12057012403,0.514705882,7.72058823,15.0,5.0,0.6747638326585695,2.0,0.1540832049306625,2018
12057001300,0.5,10.0,20.0,7.0,0.7927519818799547,,,2018
12057001400,0.5958904110000001,10.726027398,18.0,4.0,0.6220839813374806,,,2018
12057002700,0.4642857139999999,13.92857142,30.0,4.0,0.516795865633075,1.0,0.0551571980143408,2018
12057005500,0.5,3.0,6.0,2.0,0.4149377593360996,1.0,0.1506024096385542,2018
12057005800,0.416666667,3.3333333360000004,8.0,3.0,0.3033367037411527,1.0,0.0674308833445718,2018
12057006801,0.53,18.02,34.0,5.0,0.5296610169491525,2.0,0.1524390243902439,2018
12057010205,0.378787879,7.575757579999999,20.0,6.0,0.3234501347708895,4.0,0.1638672675133142,2018
12057010303,0.5903614460000001,31.879518084000004,54.0,2.0,0.8771929824561403,,,2018
12057010702,0.408163265,4.08163265,10.0,5.0,1.1961722488038278,2.0,0.2789400278940028,2018
12057003100,0.529801325,7.417218549999999,14.0,5.0,1.984126984126984,,,2018
12057001900,0.485380117,17.959064329,37.0,6.0,3.061224489795918,,,2018
12057002000,0.505882353,12.647058824999998,25.0,2.0,0.6060606060606061,,,2018
12057002500,0.536170213,50.400000022,94.0,2.0,0.4273504273504274,0.0,0.0,2018
12057003800,0.452054795,4.972602745,11.0,1.0,1.25,1.0,0.5181347150259068,2018
12057010808,0.524050633,51.881012667,99.0,1.0,inf,0.0,0.0,2018
12057000300,0.508371385,52.87062404,104.0,11.0,1.851851851851852,0.0,0.0,2018
12057005102,0.2666666669999999,7.733333342999999,29.0,2.0,0.2439024390243902,5.0,0.3843197540353574,2018
12057004000,0.5,1.5,3.0,1.0,16.666666666666664,,,2018
12057004100,0.506329114,11.645569622,23.0,0.0,0.0,,,2018
12057010103,0.636363636,5.090909088,8.0,2.0,0.302571860816944,,,2018
12057011006,0.54,7.0200000000000005,13.0,7.0,0.5723630417007358,3.0,0.1647446457990115,2018
12057011108,0.4,1.6,4.0,2.0,0.7722007722007722,,,2018
12057011203,0.587301587,5.87301587,10.0,0.0,0.0,3.0,0.320855614973262,2018
12057011206,0.476923077,14.30769231,30.0,2.0,0.5405405405405406,1.0,0.1564945226917058,2018
12057011407,0.6190476189999999,3.095238095,5.0,7.0,1.4285714285714286,1.0,0.1356852103120759,2018
12057011412,0.52688172,6.84946236,13.0,3.0,0.8264462809917356,1.0,0.1358695652173913,2018
12057011507,0.420289855,3.36231884,8.0,3.0,0.2793296089385474,9.0,0.5565862708719851,2018
12057011509,0.4,2.4000000000000004,6.0,7.0,0.4739336492890995,8.0,0.3879728419010669,2018
12057011516,0.540540541,5.945945951000001,11.0,0.0,0.0,2.0,0.3139717425431711,2018
12057011603,0.310344828,0.620689656,2.0,11.0,1.6491754122938531,0.0,0.0,2018
12057011605,0.612149533,17.752336457,29.0,12.0,1.530612244897959,,,2018
12057011803,0.484745763,26.661016965,55.0,2.0,0.3636363636363636,3.0,0.3537735849056604,2018
12057011901,0.574534161,50.559006168,88.0,8.0,4.395604395604396,,,2018
12057012001,0.522727273,6.795454549,13.0,5.0,1.1389521640091116,,,2018
12057013314,0.44,2.2,5.0,4.0,0.7532956685499058,1.0,0.1223990208078335,2018
12057001800,0.531976744,47.34593021599999,89.0,10.0,3.095975232198142,0.0,0.0,2018
12057002400,0.62804878,6.2804878,10.0,9.0,1.6216216216216215,,,2018
12057002600,0.45,10.8,24.0,1.0,3.333333333333333,1.0,2.127659574468085,2018
12057002800,0.463414634,0.926829268,2.0,6.0,0.8391608391608392,0.0,0.0,2018
12057980500,,,,,,,,2018
12057980600,,,,,,,,2018
12057980700,,,,,,,,2018
12057990000,,,,,,,,2018
12057990100,,,,,,,,2018
12057010814,0.470588235,25.882352925000003,55.0,1.0,0.9803921568627452,,,2018
12057010815,0.517241379,38.275862046,74.0,,,,,2018
12057010816,0.544827586,69.737931008,128.0,0.0,,,,2018
12057010817,0.567669173,63.578947376,112.0,0.0,0.0,1.0,0.1686340640809443,2018
12057010818,0.539665971,89.04488521500001,165.0,0.0,0.0,,,2018
12057011012,0.47826087,3.82608696,8.0,6.0,0.3590664272890485,11.0,0.5486284289276808,2018
12057011013,0.5727272729999999,14.318181824999998,25.0,3.0,0.591715976331361,5.0,0.6983240223463687,2018
12057011014,0.453488372,7.709302324,17.0,,,1.0,inf,2018
12057011015,0.4629629629999999,73.148148154,158.0,4.0,0.975609756097561,2.0,0.2677376171352075,2018
12057011016,0.58974359,12.38461539,21.0,1.0,0.165837479270315,1.0,0.1349527665317139,2018
12057011109,0.434782609,0.869565218,2.0,4.0,0.4796163069544364,0.0,0.0,2018
12057011303,0.452830189,4.075471701,9.0,2.0,0.5361930294906166,0.0,0.0,2018
12057011304,0.4690265489999999,7.035398235,15.0,4.0,0.3944773175542406,0.0,0.0,2018
12057011417,0.587719298,12.929824556,22.0,3.0,0.3436426116838488,3.0,0.2572898799313894,2018
12057011418,0.438596491,5.701754383000001,13.0,3.0,0.4195804195804196,6.0,0.495049504950495,2018
12057011517,0.481481481,1.925925924,4.0,6.0,0.2325581395348837,4.0,0.120048019207683,2018
12057011518,0.615384615,0.615384615,1.0,7.0,0.7014028056112225,3.0,0.210970464135021,2018
12057011519,0.0,0.0,1.0,7.0,1.3888888888888888,3.0,0.4059539918809201,2018
12057011520,0.533333333,4.799999997,9.0,1.0,0.1183431952662722,4.0,0.3481288076588337,2018
12057011521,0.515151515,7.727272725,15.0,1.0,0.3424657534246575,,,2018
12057011522,0.56,2.24,4.0,3.0,0.3740648379052369,4.0,0.3381234150464919,2018
12057011523,0.5,1.0,2.0,1.0,0.2331002331002331,,,2018
12057011524,0.47979798,11.03535354,23.0,2.0,0.4629629629629629,1.0,0.1572327044025157,2018
12057011614,0.549295775,11.535211275000002,21.0,8.0,0.9142857142857144,0.0,0.0,2018
12057011615,0.4704049839999999,10.348909648,22.0,0.0,0.0,1.0,0.133155792276964,2018
12057011709,0.461538462,5.076923082,11.0,1.0,0.8620689655172413,,,2018
12057013406,0.580645161,4.645161288,8.0,1.0,0.4926108374384236,,,2018
12057013409,0.564102564,3.948717948,7.0,3.0,0.3275109170305676,2.0,0.1620745542949757,2018
12057013801,0.485294118,15.044117658,31.0,2.0,0.7722007722007722,0.0,0.0,2018
12057014104,0.533333333,3.733333331,7.0,1.0,0.9523809523809524,,,2018
12057010305,0.5792682929999999,17.957317083,31.0,5.0,1.0570824524312896,,,2018
12057010701,0.5824742270000001,18.056701037000003,31.0,1.0,0.1189060642092746,2.0,0.1500375093773443,2018
12057011103,0.516129032,1.548387096,3.0,5.0,0.5854800936768151,1.0,0.0783699059561128,2018
12057011408,0.607843137,15.803921562,26.0,5.0,1.2135922330097086,2.0,0.2928257686676427,2018
12057011413,0.488888889,6.355555557,13.0,5.0,0.4456327985739751,1.0,0.0649772579597141,2018
12057011608,0.75,1.5,2.0,0.0,0.0,1.0,0.2415458937198067,2018
12057011611,0.514705882,8.749999994,17.0,6.0,0.8534850640113799,0.0,0.0,2018
12057012208,0.616216216,8.627027024,14.0,8.0,0.4736530491415038,3.0,0.1361161524500907,2018
12057013205,0.566666667,7.933333338000001,14.0,9.0,0.5196304849884527,5.0,0.2205558006175562,2018
12057013208,0.444444444,1.333333332,3.0,1.0,0.0821018062397372,6.0,0.3660768761439902,2018
12057013305,0.5,2.0,4.0,5.0,0.4725897920604915,1.0,0.0688231245698554,2018
12057013407,0.411764706,7.823529414000001,19.0,10.0,0.6816632583503749,0.0,0.0,2018
12057013802,0.5371900829999999,17.727272738999996,33.0,5.0,1.524390243902439,0.0,0.0,2018
12057013803,0.460431655,11.05035972,24.0,0.0,0.0,,,2018
12057014003,0.25,0.25,1.0,0.0,0.0,0.0,0.0,2018
12057014109,0.445945946,6.6891891900000005,15.0,8.0,0.7366482504604052,4.0,0.2534854245880861,2018
12057013505,0.524475524,14.685314672,28.0,3.0,0.7481296758104738,,,2018
12057013702,0.5491803279999999,15.926229512,29.0,11.0,0.5603667855323484,10.0,0.3813882532418001,2018
12057013907,0.0,0.0,0.0,1.0,0.2538071065989847,,,2018
12057000500,0.395348837,3.162790696,8.0,5.0,0.5780346820809248,0.0,0.0,2018
12057001200,0.428571429,9.857142867,23.0,2.0,0.6493506493506493,0.0,0.0,2018
12057001500,0.461538462,2.30769231,5.0,5.0,0.7052186177715092,,,2018
12057001600,0.634146341,6.34146341,10.0,3.0,0.8264462809917356,,,2018
12057011515,0.4583333329999999,1.374999999,3.0,6.0,0.7142857142857143,4.0,0.3466204506065857,2018
12057013001,0.492385787,25.111675137,51.0,2.0,0.4535147392290249,0.0,0.0,2018
12057000700,0.528114664,91.363836872,173.0,9.0,2.284263959390863,0.0,0.0,2018
12057003200,0.541666667,4.875000003,9.0,0.0,0.0,,,2018
12057011107,0.486111111,5.8333333320000005,12.0,12.0,1.0230179028132993,2.0,0.1086366105377512,2018
12057011506,0.471910112,18.404494368,39.0,7.0,0.4716981132075472,4.0,0.1928640308582449,2018
12057012104,0.540983607,56.262295128000005,104.0,7.0,1.402805611222445,1.0,0.1116071428571428,2018
12057011802,0.557377049,6.688524588,12.0,6.0,0.539568345323741,0.0,0.0,2018
12057011804,0.609195402,8.528735628,14.0,5.0,0.8143322475570033,1.0,0.0919963201471941,2018
12057012108,0.561797753,9.550561801,17.0,5.0,0.8488964346349746,0.0,0.0,2018
12057012209,0.461538462,3.2307692340000003,7.0,7.0,0.7641921397379913,7.0,0.5709624796084829,2018
12057012210,0.481012658,9.62025316,20.0,4.0,0.5689900426742532,4.0,0.2779708130646282,2018
12057012211,0.545454545,1.09090909,2.0,,,0.0,0.0,2018
12057012212,0.517985612,41.43884896,80.0,2.0,0.6872852233676976,0.0,0.0,2018
12057012213,0.508196721,10.16393442,20.0,4.0,0.5082592121982211,1.0,0.080450522928399,2018
12057012503,0.609756098,9.14634147,15.0,1.0,0.12531328320802,11.0,0.8979591836734694,2018
12057010810,0.511764706,24.052941182,47.0,1.0,0.7142857142857143,1.0,0.3831417624521072,2018
12057010811,0.507418398,45.66765582,90.0,2.0,0.4640371229698375,5.0,0.5649717514124294,2018
12057010812,0.518115942,58.028985504,112.0,,,1.0,0.3225806451612903,2018
12057010813,0.517426273,28.458445015,55.0,0.0,0.0,,,2018
12057007002,0.508474576,13.220338976,26.0,0.0,0.0,2.0,0.6134969325153374,2018
12057007102,0.398305085,3.18644068,8.0,1.0,0.3412969283276451,0.0,0.0,2018
12057007103,0.5,3.0,6.0,3.0,0.4195804195804196,0.0,0.0,2018
12057010209,0.487922705,10.246376805,21.0,5.0,0.2072109407376709,27.0,0.8943358728055647,2018
12057010210,0.510869565,16.858695645,33.0,2.0,0.6211180124223602,1.0,0.1897533206831119,2018
12057010211,0.4651162789999999,6.976744184999999,15.0,1.0,0.1050420168067226,7.0,0.5355776587605203,2018
12057010212,0.416666667,5.416666671000001,13.0,1.0,0.089126559714795,11.0,0.7513661202185792,2018
12057010213,0.6,8.4,14.0,2.0,0.6430868167202572,,,2018
12057010214,0.666666667,0.666666667,1.0,,,,,2018
12057010501,0.50989011,55.06813188,108.0,7.0,1.70316301703163,9.0,1.0962241169305724,2018
12057010502,0.478527607,12.441717782,26.0,3.0,0.9090909090909092,3.0,0.6479481641468683,2018
12057010809,0.50862069,14.24137932,28.0,0.0,0.0,3.0,0.8264462809917356,2018
12057011710,0.485207101,29.597633161,61.0,5.0,0.7507507507507507,5.0,0.5149330587023687,2018
12057011712,0.520833333,13.541666658,26.0,6.0,0.7712082262210797,3.0,0.2302379125095932,2018
12057011904,0.545945946,24.021621624,44.0,1.0,10.0,,,2018
12057011905,0.552941176,6.082352936,11.0,2.0,1.694915254237288,,,2018
12057011906,0.425454545,22.97454543,54.0,1.0,0.2469135802469135,2.0,0.2994011976047904,2018
12057012107,0.447916667,10.302083341,23.0,6.0,1.1976047904191618,1.0,0.1054852320675105,2018
12057004800,0.551401869,6.065420559,11.0,1.0,0.1652892561983471,0.0,0.0,2018
12057006200,0.476190476,0.952380952,2.0,3.0,0.2785515320334262,0.0,0.0,2018
12057006400,0.473684211,0.947368422,2.0,1.0,0.1024590163934426,1.0,0.072992700729927,2018
12057006600,0.381818182,1.90909091,5.0,5.0,0.8741258741258742,1.0,0.0987166831194471,2018
12057010401,0.5729537370000001,37.814946642,66.0,7.0,1.232394366197183,8.0,0.9019165727170236,2018
12057012504,0.416666667,1.6666666680000002,4.0,2.0,0.2159827213822894,10.0,0.8628127696289906,2018
12057013315,0.441340782,46.340782110000006,105.0,3.0,3.75,0.0,0.0,2018
12057013316,0.572519084,30.343511452,53.0,,,1.0,inf,2018
12057013317,0.439189189,23.716216206,54.0,,,,,2018
12057013318,0.4234234229999999,27.945945918,66.0,2.0,2.247191011235955,1.0,1.1235955056179776,2018
12057013319,0.4379562039999999,24.08759122,55.0,0.0,0.0,10.0,0.7874015748031495,2018
12057013320,0.5,26.5,53.0,3.0,0.911854103343465,3.0,0.6369426751592357,2018
12057013321,0.489655172,11.751724128,24.0,7.0,0.5076142131979695,6.0,0.3764115432873274,2018
12057013322,0.410828025,24.238853475,59.0,3.0,0.310880829015544,5.0,0.3739715781600598,2018
12057013410,0.511945392,15.35836176,30.0,1.0,0.1344086021505376,5.0,0.4807692307692308,2018
12057013411,0.56,2.8000000000000003,5.0,4.0,0.7017543859649122,3.0,0.3080082135523614,2018
12057013412,0.474576271,8.067796607,17.0,5.0,0.7072135785007072,2.0,0.1877934272300469,2018
12057013413,0.461538462,5.076923082,11.0,2.0,0.198807157057654,5.0,0.3785011355034065,2018
12057013414,0.471698113,8.018867921,17.0,3.0,0.2345582486317435,1.0,0.0521920668058455,2018
12057013912,0.535714286,4.285714288,8.0,9.0,0.9890109890109888,3.0,0.2485501242750621,2018
12057012701,0.537878788,11.833333336,22.0,2.0,0.4228329809725158,9.0,1.0250569476082003,2018
12057013204,0.588235294,12.941176467999998,22.0,3.0,0.5825242718446602,4.0,0.3233629749393694,2018
12057013908,0.4835164839999999,13.054945068,27.0,8.0,0.3840614498319731,9.0,0.2868983104877271,2018
12057012600,0.571428571,12.571428562,22.0,3.0,0.3831417624521072,2.0,0.1680672268907563,2018
12057003000,0.529761905,30.196428585,57.0,1.0,0.9174311926605504,,,2018
12057005000,0.508474576,13.220338976,26.0,3.0,4.615384615384616,,,2018
12057006900,0.54,13.5,25.0,4.0,0.3714020427112349,1.0,0.0562113546936481,2018
12057010304,0.535714286,5.357142860000001,10.0,2.0,0.3316749585406301,2.0,0.1966568338249754,2018
12057011416,0.534653465,13.366336625,25.0,14.0,1.2334801762114538,16.0,0.99626400996264,2018
12057013704,0.594095941,32.081180814,54.0,6.0,0.4366812227074235,16.0,0.9009009009009008,2018
12057013415,0.454545455,4.54545455,10.0,3.0,0.3452243958573072,0.0,0.0,2018
12057013604,0.518072289,10.36144578,20.0,1.0,2.380952380952381,,,2018
12057013703,0.541436464,11.370165744,21.0,12.0,1.0434782608695654,5.0,0.364963503649635,2018
12057013806,0.653846154,2.615384616,4.0,4.0,0.7619047619047619,1.0,0.1402524544179523,2018
12057013807,0.529411765,5.29411765,10.0,12.0,0.6688963210702341,17.0,0.7327586206896551,2018
12057013913,0.344827586,2.068965516,6.0,16.0,0.9264620729588882,7.0,0.2610966057441253,2018
12057013914,0.533333333,1.066666666,2.0,4.0,0.8097165991902834,3.0,0.3333333333333333,2018
12057013915,0.5,6.5,13.0,9.0,0.5036373810856184,15.0,0.7132667617689016,2018
12057013916,0.505747126,14.160919528,28.0,7.0,0.2804487179487179,22.0,0.697084917617237,2018
12057013917,0.432835821,7.358208957,17.0,8.0,0.5653710247349824,10.0,0.580046403712297,2018
12057013918,0.625,5.0,8.0,1.0,0.3745318352059925,,,2018
12057013919,0.4428571429999999,7.971428573999999,18.0,12.0,0.8091706001348618,7.0,0.3963759909399773,2018
12057013920,0.25,1.0,4.0,2.0,0.3144654088050315,1.0,0.0965250965250965,2018
12057013921,0.25,0.75,3.0,2.0,0.1966568338249754,1.0,0.0803212851405622,2018
12057012301,0.447154472,13.41463416,30.0,6.0,0.5597014925373134,2.0,0.1177163037080635,2018
12057013501,0.602189781,13.850364963,23.0,5.0,1.1235955056179776,5.0,0.6868131868131868,2018
12057011003,0.581395349,38.372093034,66.0,2.0,0.48661800486618,0.0,0.0,2018
12057011612,0.518181818,8.809090906,17.0,3.0,0.2949852507374631,5.0,0.3115264797507788,2018
12057012207,0.560606061,6.727272731999999,12.0,11.0,0.7518796992481203,8.0,0.3846153846153846,2018
12057012303,0.537634409,15.591397861,29.0,4.0,1.1494252873563218,,,2018
12057012401,0.45,8.55,19.0,5.0,0.8210180623973727,,,2018
12057012702,0.593406593,11.274725267,19.0,3.0,0.9259259259259258,1.0,0.15625,2018
12057013004,0.466666667,4.666666670000001,10.0,4.0,0.7339449541284404,0.0,0.0,2018
12057013100,0.45,3.6,8.0,1.0,0.2801120448179272,,,2018
12057013203,0.375,3.375,9.0,4.0,0.546448087431694,0.0,0.0,2018
12057013207,0.454545455,1.363636365,3.0,4.0,0.5578800557880056,2.0,0.1554001554001554,2018
12057013313,0.515151515,2.06060606,4.0,4.0,0.5037783375314862,2.0,0.1506024096385542,2018
12057014108,0.419642857,8.812499997000002,21.0,9.0,1.4106583072100314,3.0,0.2548853016142736,2018
12057012106,0.461538462,2.769230772,6.0,4.0,0.3805899143672693,3.0,0.1851851851851852,2018
12057012900,0.56,9.52,17.0,1.0,0.4329004329004329,0.0,0.0,2018
12057011415,0.648648649,11.675675682,18.0,6.0,0.4966887417218543,1.0,0.06150061500615,2018
12057011514,0.457142857,2.285714285,5.0,11.0,0.8527131782945736,23.0,1.249321021184139,2018
12057011607,0.481203008,11.548872192,24.0,6.0,0.5644402634054563,5.0,0.202020202020202,2018
12057011613,0.598253275,22.135371175,37.0,4.0,0.684931506849315,0.0,0.0,2018
12057011706,0.477848101,39.661392383,83.0,8.0,1.1782032400589102,,,2018
12057012002,0.530726257,28.659217878,54.0,4.0,0.7874015748031495,0.0,0.0,2018
12057012501,0.55,7.15,13.0,2.0,0.3597122302158274,2.0,0.181159420289855,2018
12057013310,0.444444444,9.333333324,21.0,2.0,0.3929273084479371,0.0,0.0,2018
12057013311,0.439393939,10.545454536,24.0,3.0,0.9803921568627452,2.0,0.33003300330033,2018
12057000800,0.531446541,26.040880509,49.0,2.0,0.4385964912280701,,,2018
12057004200,0.540540541,1.6216216230000002,3.0,12.0,6.417112299465241,,,2018
12057004300,0.487437186,4.87437186,10.0,0.0,0.0,,,2018
12057005101,0.386666667,8.120000007,21.0,47.0,19.34156378600823,6.0,1.834862385321101,2018
12057005900,0.470588235,4.235294115,9.0,6.0,0.4477611940298507,0.0,0.0,2018
12057006700,0.590909091,6.500000001,11.0,5.0,0.3385240352064997,0.0,0.0,2018
12057010106,0.595744681,7.148936172,12.0,8.0,1.1510791366906474,,,2018
12057010204,0.5792682929999999,59.664634179,103.0,3.0,0.5067567567567568,1.0,0.0947867298578199,2018
12057010805,0.574754902,85.063725496,148.0,0.0,0.0,3.0,1.376146788990826,2018
12057010900,,,,,,,,2018
12057011007,0.428571429,1.714285716,4.0,2.0,0.2604166666666666,1.0,0.0937207122774133,2018
12057011010,0.610687023,20.763358782,34.0,4.0,0.5797101449275363,3.0,0.3003003003003003,2018
12057011205,0.764705882,2.294117646,3.0,4.0,0.690846286701209,3.0,0.3042596348884381,2018
12057011410,0.375,4.875,13.0,6.0,0.3773584905660377,4.0,0.1921229586935638,2018
12057011411,0.0,0.0,0.0,2.0,0.554016620498615,0.0,0.0,2018
12057011204,0.433823529,47.72058819,110.0,8.0,0.7952286282306162,1.0,0.0560224089635854,2018
12057011301,0.4642857139999999,1.392857142,3.0,2.0,0.2706359945872801,2.0,0.1917545541706615,2018
12057011414,0.406091371,10.152284275,25.0,8.0,0.7575757575757576,0.0,0.0,2018
12057011610,0.515625,10.828125,21.0,2.0,0.4123711340206186,2.0,0.1784121320249777,2018
12057000102,0.591101695,35.4661017,60.0,1.0,0.2136752136752137,1.0,0.1324503311258278,2018
12057011504,1.0,2.0,2.0,1.0,0.2506265664160401,1.0,0.1420454545454545,2018
12057014106,0.526315789,4.210526312,8.0,4.0,0.6884681583476765,1.0,0.0959692898272552,2018
12057012800,0.583333333,6.999999996,12.0,6.0,0.8344923504867872,,,2018
12057010108,0.5,2.5,5.0,3.0,0.8823529411764706,,,2018
12057000401,0.51010101,16.83333333,33.0,1.0,0.2314814814814814,,,2019
12057010105,0.428571429,6.0000000060000005,14.0,3.0,0.4594180704441041,0.0,0.0,2019
12057010203,0.5189873420000001,26.987341784000005,52.0,7.0,3.5532994923857872,1.0,0.2695417789757413,2019
12057010600,0.553333333,34.306666646,62.0,5.0,1.0395010395010396,,,2019
12057002300,0.540540541,9.729729738,18.0,3.0,0.5067567567567568,0.0,0.0,2019
12057004900,0.455445545,15.940594075,35.0,9.0,1.89873417721519,0.0,0.0,2019
12057010402,0.570247934,77.55371902399999,136.0,9.0,1.4705882352941175,0.0,0.0,2019
12057011106,0.571428571,9.714285707,17.0,3.0,1.5625,2.0,0.6191950464396285,2019
12057012103,0.540433925,65.93293885,122.0,6.0,1.0221465076660987,0.0,0.0,2019
12057012304,0.430769231,8.61538462,20.0,5.0,0.6345177664974619,1.0,0.092250922509225,2019
12057013922,0.4516129029999999,3.612903224,8.0,7.0,0.5263157894736842,4.0,0.2270147559591373,2019
12057013923,0.523809524,8.904761908000001,17.0,6.0,0.3325942350332594,3.0,0.1407129455909943,2019
12057014007,0.5476190479999999,16.42857144,30.0,18.0,1.8907563025210083,5.0,0.4659832246039142,2019
12057014008,0.5,0.5,1.0,0.0,0.0,2.0,0.1179941002949852,2019
12057014009,0.5,3.5,7.0,1.0,0.45662100456621,0.0,0.0,2019
12057014010,0.75,2.25,3.0,1.0,0.1976284584980237,0.0,0.0,2019
12057014011,0.518092225,2.0723689,4.0,1.0,0.1385041551246537,1.0,0.0502765208647561,2019
12057014012,0.0,0.0,0.0,1.0,0.1984126984126984,3.0,0.1889168765743073,2019
12057014013,0.621621622,7.459459464,12.0,0.0,0.0,,,2019
12057014014,0.0,0.0,0.0,0.0,0.0,,,2019
12057014015,,,,0.0,0.0,3.0,0.3215434083601286,2019
12057014016,,,,1.0,0.5494505494505495,,,2019
12057014117,0.375,2.625,7.0,2.0,0.2724795640326975,2.0,0.1863932898415657,2019
12057014119,0.438596491,10.964912275,25.0,15.0,0.84985835694051,7.0,0.3079630444346678,2019
12057014121,0.416666667,6.250000005,15.0,4.0,0.3524229074889868,4.0,0.2636783124588002,2019
12057014118,0.421052632,0.8421052640000001,2.0,4.0,0.3784295175023652,2.0,0.117096018735363,2019
12057980300,,,,,,,,2019
12057014122,0.416666667,22.916666685000003,55.0,21.0,1.7114914425427872,22.0,1.556970983722576,2019
12057980100,,,,,,,,2019
12057980200,,,,,,,,2019
12057980400,,,,,,,,2019
12057000201,0.515991471,55.727078868,108.0,2.0,2.061855670103093,1.0,0.6134969325153374,2019
12057000202,0.574534161,85.605589989,149.0,3.0,0.6,,,2019
12057000101,0.512280702,29.200000014,57.0,2.0,0.5,,,2019
12057000601,0.570397112,81.56678701599999,143.0,6.0,1.3953488372093024,1.0,0.1587301587301587,2019
12057000602,0.466666667,11.200000008,24.0,6.0,2.690582959641256,,,2019
12057000901,0.53875969,41.48449613,77.0,4.0,1.1494252873563218,2.0,0.437636761487965,2019
12057000902,0.539400666,84.146503896,156.0,2.0,0.8298755186721992,2.0,0.6211180124223602,2019
12057001001,0.469107551,47.379862651,101.0,5.0,4.672897196261682,,,2019
12057005301,0.487804878,25.853658534,53.0,1.0,0.2840909090909091,4.0,0.7272727272727273,2019
12057006101,0.285714286,1.4285714300000003,5.0,1.0,0.1526717557251908,2.0,0.1902949571836346,2019
12057001002,0.53125,37.71875,71.0,7.0,1.1363636363636365,,,2019
12057005302,0.454545455,15.45454547,34.0,0.0,0.0,0.0,0.0,2019
12057005401,0.5625,6.1875,11.0,3.0,0.3184713375796179,0.0,0.0,2019
12057006103,0.3,2.4,8.0,3.0,0.4807692307692308,2.0,0.1431639226914817,2019
12057006501,0.507936508,8.126984128,16.0,6.0,1.3043478260869563,,,2019
12057006502,0.4576271189999999,5.491525427999999,12.0,1.0,0.7874015748031495,1.0,0.2994011976047904,2019
12057007001,0.4227642279999999,17.756097576,42.0,1.0,0.1540832049306625,,,2019
12057001700,0.560747664,18.504672912,33.0,7.0,0.6698564593301436,,,2019
12057002200,0.5932203389999999,11.271186441,19.0,3.0,0.8982035928143712,,,2019
12057003500,0.45959596,14.24747476,31.0,3.0,1.310043668122271,,,2019
12057003900,0.564102564,21.435897432,38.0,1.0,0.8771929824561403,1.0,0.4273504273504274,2019
12057004400,0.487179487,16.564102558000002,34.0,3.0,1.3888888888888888,,,2019
12057004500,0.559139785,11.741935485,21.0,1.0,0.1769911504424778,,,2019
12057004600,0.4112903229999999,13.983870982,34.0,21.0,7.394366197183098,2.0,0.3372681281618886,2019
12057004700,0.375,4.125,11.0,1.0,0.2512562814070351,,,2019
12057007200,0.5,17.5,35.0,9.0,1.0935601458080195,,,2019
12057010107,0.507042254,8.619718318,17.0,3.0,1.1450381679389312,,,2019
12057011005,0.473684211,1.894736844,4.0,3.0,0.48,2.0,0.2068252326783868,2019
12057011008,0.453846154,22.238461546,49.0,3.0,0.4005340453938585,3.0,0.2487562189054726,2019
12057011409,0.588235294,6.470588233999999,11.0,2.0,0.3898635477582846,1.0,0.099601593625498,2019
12057011510,0.3157894739999999,1.2631578959999998,4.0,4.0,0.3700277520814061,4.0,0.3007518796992481,2019
12057011512,0.454545455,1.81818182,4.0,6.0,0.6389776357827476,2.0,0.1654259718775848,2019
12057011606,0.540145985,33.48905107,62.0,8.0,0.7677543186180422,8.0,0.4778972520908005,2019
12057011902,0.524038462,12.052884626,23.0,3.0,0.2516778523489932,0.0,0.0,2019
12057012206,0.5,10.5,21.0,6.0,0.4405286343612335,3.0,0.1647446457990115,2019
12057013504,0.551282051,11.576923071,21.0,7.0,1.3618677042801557,,,2019
12057013602,0.657894737,11.842105266,18.0,0.0,0.0,,,2019
12057013804,0.555194805,46.63636362,84.0,15.0,0.7743933918430563,18.0,0.7975188303057155,2019
12057000402,0.5735294120000001,13.191176476000004,23.0,3.0,1.0033444816053512,,,2019
12057003300,0.512953368,17.440414512,34.0,0.0,0.0,,,2019
12057003400,0.5154185020000001,25.255506598000004,49.0,3.0,1.7857142857142856,,,2019
12057003600,0.5504587160000001,52.293578020000005,95.0,8.0,1.895734597156398,0.0,0.0,2019
12057003700,0.664596273,21.931677009,33.0,0.0,0.0,,,2019
12057005700,0.593023256,8.89534884,15.0,1.0,0.1655629139072847,0.0,0.0,2019
12057006000,0.490566038,6.377358494,13.0,5.0,0.4448398576512456,,,2019
12057006300,0.375,2.625,7.0,3.0,0.3070624360286591,0.0,0.0,2019
12057007300,,,,,,,,2019
12057001100,0.5,5.5,11.0,6.0,1.25,0.0,0.0,2019
12057002100,0.48630137,12.15753425,25.0,6.0,1.0752688172043012,,,2019
12057002900,0.470588235,8.47058823,18.0,4.0,0.9876543209876544,0.0,0.0,2019
12057013002,0.561403509,1.684210527,3.0,8.0,0.9523809523809524,1.0,0.0766871165644171,2019
12057013312,0.525,7.875,15.0,6.0,0.9230769230769232,3.0,0.2354788069073783,2019
12057014002,0.321428571,1.607142855,5.0,1.0,0.4329004329004329,,,2019
12057013003,0.6315789470000001,10.105263152,16.0,1.0,0.2976190476190476,,,2019
12057013206,0.1363636359999999,2.04545454,15.0,12.0,0.8356545961002786,0.0,0.0,2019
12057013307,0.575471698,37.981132068,66.0,2.0,0.7751937984496124,1.0,0.2770083102493075,2019
12057013503,0.541666667,17.333333344,32.0,3.0,0.9287925696594428,,,2019
12057013903,0.47826087,3.82608696,8.0,3.0,0.5976095617529881,,,2019
12057006802,0.5,5.0,10.0,2.0,0.2666666666666666,1.0,0.0985221674876847,2019
12057011708,0.307692308,32.923076956,107.0,1.0,0.2247191011235955,0.0,0.0,2019
12057012402,0.545454545,5.45454545,10.0,3.0,1.0638297872340423,,,2019
12057012403,0.514705882,4.117647056,8.0,6.0,0.8097165991902834,0.0,0.0,2019
12057001300,0.5,19.0,38.0,8.0,0.9060022650056626,,,2019
12057001400,0.5958904110000001,16.684931508000002,28.0,7.0,1.088646967340591,,,2019
12057002700,0.4642857139999999,22.285714272,48.0,7.0,0.9043927648578812,1.0,0.0551571980143408,2019
12057005500,0.5,5.0,10.0,0.0,0.0,1.0,0.1506024096385542,2019
12057005800,0.416666667,5.833333338000001,14.0,4.0,0.4044489383215369,0.0,0.0,2019
12057006801,0.53,26.5,50.0,5.0,0.5296610169491525,2.0,0.1524390243902439,2019
12057010205,0.378787879,7.954545459,21.0,5.0,0.2695417789757413,10.0,0.4096681687832855,2019
12057010303,0.5903614460000001,33.650602422000006,57.0,1.0,0.4385964912280701,,,2019
12057010702,0.408163265,9.387755095,23.0,2.0,0.4784688995215311,0.0,0.0,2019
12057003100,0.529801325,22.25165565,42.0,2.0,0.7936507936507936,,,2019
12057001900,0.485380117,25.725146201,53.0,5.0,2.5510204081632653,,,2019
12057002000,0.505882353,26.811764709,53.0,4.0,1.2121212121212122,,,2019
12057002500,0.536170213,46.646808531,87.0,2.0,0.4273504273504274,0.0,0.0,2019
12057003800,0.452054795,11.301369875,25.0,1.0,1.25,0.0,0.0,2019
12057010808,0.524050633,61.837974694,118.0,1.0,inf,0.0,0.0,2019
12057000300,0.508371385,88.96499237500001,175.0,13.0,2.1885521885521886,1.0,0.1112347052280311,2019
12057005102,0.2666666669999999,14.133333350999996,53.0,4.0,0.4878048780487805,2.0,0.1537279016141429,2019
12057004000,0.5,2.5,5.0,0.0,0.0,,,2019
12057004100,0.506329114,13.670886078,27.0,2.0,3.4482758620689653,,,2019
12057010103,0.636363636,6.999999996,11.0,8.0,1.2102874432677762,,,2019
12057011006,0.54,4.32,8.0,10.0,0.8176614881439084,2.0,0.1098297638660076,2019
12057011108,0.4,2.0,5.0,1.0,0.3861003861003861,,,2019
12057011203,0.587301587,12.920634914,22.0,1.0,0.1831501831501831,0.0,0.0,2019
12057011206,0.476923077,21.461538465,45.0,1.0,0.2702702702702703,0.0,0.0,2019
12057011407,0.6190476189999999,9.285714285,15.0,1.0,0.2040816326530612,1.0,0.1356852103120759,2019
12057011412,0.52688172,7.903225799999999,15.0,2.0,0.5509641873278237,2.0,0.2717391304347826,2019
12057011507,0.420289855,7.144927535,17.0,6.0,0.5586592178770949,14.0,0.8658008658008658,2019
12057011509,0.4,4.0,10.0,6.0,0.4062288422477996,2.0,0.0969932104752667,2019
12057011516,0.540540541,11.351351361,21.0,1.0,0.2145922746781116,0.0,0.0,2019
12057011603,0.310344828,5.586206904,18.0,2.0,0.2998500749625187,0.0,0.0,2019
12057011605,0.612149533,29.383177584,48.0,9.0,1.1479591836734695,,,2019
12057011803,0.484745763,38.294915277,79.0,5.0,0.9090909090909092,5.0,0.589622641509434,2019
12057011901,0.574534161,58.602484422,102.0,10.0,5.494505494505495,,,2019
12057012001,0.522727273,13.590909098,26.0,9.0,2.050113895216401,,,2019
12057013314,0.44,3.52,8.0,6.0,1.1299435028248588,0.0,0.0,2019
12057001800,0.531976744,48.94186044799999,92.0,5.0,1.547987616099071,0.0,0.0,2019
12057002400,0.62804878,27.00609754,43.0,3.0,0.5405405405405406,,,2019
12057002600,0.45,20.7,46.0,2.0,6.666666666666667,0.0,0.0,2019
12057002800,0.463414634,5.097560974,11.0,2.0,0.2797202797202797,0.0,0.0,2019
12057980500,,,,,,,,2019
12057980600,,,,,,,,2019
12057980700,,,,,,,,2019
12057990000,,,,,,,,2019
12057990100,,,,,,,,2019
12057010814,0.470588235,41.411764680000005,88.0,1.0,0.9803921568627452,,,2019
12057010815,0.517241379,41.37931032,80.0,,,,,2019
12057010816,0.544827586,99.703448238,183.0,0.0,,,,2019
12057010817,0.567669173,63.011278203,111.0,2.0,1.0101010101010102,0.0,0.0,2019
12057010818,0.539665971,123.043841388,228.0,2.0,11.11111111111111,,,2019
12057011012,0.47826087,7.17391305,15.0,11.0,0.6582884500299222,6.0,0.2992518703241895,2019
12057011013,0.5727272729999999,12.600000005999998,22.0,2.0,0.3944773175542406,2.0,0.2793296089385474,2019
12057011014,0.453488372,17.686046508,39.0,,,0.0,,2019
12057011015,0.4629629629999999,79.166666673,171.0,3.0,0.7317073170731708,3.0,0.4016064257028112,2019
12057011016,0.58974359,19.46153847,33.0,0.0,0.0,2.0,0.2699055330634278,2019
12057011109,0.434782609,1.304347827,3.0,9.0,1.079136690647482,1.0,0.0811688311688311,2019
12057011303,0.452830189,2.716981134,6.0,2.0,0.5361930294906166,1.0,0.1392757660167131,2019
12057011304,0.4690265489999999,12.194690274,26.0,5.0,0.4930966469428008,1.0,0.0590667454223272,2019
12057011417,0.587719298,24.096491218,41.0,5.0,0.572737686139748,6.0,0.5145797598627788,2019
12057011418,0.438596491,6.578947365,15.0,4.0,0.5594405594405595,3.0,0.2475247524752475,2019
12057011517,0.481481481,3.370370367,7.0,3.0,0.1162790697674418,6.0,0.1800720288115246,2019
12057011518,0.615384615,1.23076923,2.0,4.0,0.4008016032064128,1.0,0.070323488045007,2019
12057011519,0.0,0.0,3.0,3.0,0.5952380952380952,1.0,0.13531799729364,2019
12057011520,0.533333333,8.533333328,16.0,4.0,0.4733727810650888,1.0,0.0870322019147084,2019
12057011521,0.515151515,9.27272727,18.0,2.0,0.684931506849315,,,2019
12057011522,0.56,2.8000000000000003,5.0,3.0,0.3740648379052369,3.0,0.2535925612848689,2019
12057011523,0.5,2.0,4.0,2.0,0.4662004662004662,,,2019
12057011524,0.47979798,23.989899,50.0,3.0,0.6944444444444444,0.0,0.0,2019
12057011614,0.549295775,20.87323945,38.0,4.0,0.4571428571428572,1.0,0.0694444444444444,2019
12057011615,0.4704049839999999,17.875389392,38.0,2.0,0.4405286343612335,0.0,0.0,2019
12057011709,0.461538462,6.923076930000001,15.0,1.0,0.8620689655172413,,,2019
12057013406,0.580645161,4.645161288,8.0,0.0,0.0,,,2019
12057013409,0.564102564,5.6410256400000005,10.0,8.0,0.8733624454148471,2.0,0.1620745542949757,2019
12057013801,0.485294118,21.352941192,44.0,2.0,0.7722007722007722,0.0,0.0,2019
12057014104,0.533333333,2.133333332,4.0,1.0,0.9523809523809524,,,2019
12057010305,0.5792682929999999,21.432926841,37.0,2.0,0.4228329809725158,,,2019
12057010701,0.5824742270000001,31.453608258000003,54.0,3.0,0.356718192627824,2.0,0.1500375093773443,2019
12057011103,0.516129032,6.1935483840000005,12.0,3.0,0.351288056206089,0.0,0.0,2019
12057011408,0.607843137,14.588235288,24.0,1.0,0.2427184466019417,0.0,0.0,2019
12057011413,0.488888889,10.755555558,22.0,4.0,0.35650623885918,1.0,0.0649772579597141,2019
12057011608,0.0,0.0,0.0,2.0,0.60790273556231,1.0,0.2415458937198067,2019
12057011611,0.514705882,7.205882348,14.0,7.0,0.995732574679943,1.0,0.0914076782449725,2019
12057012208,0.616216216,11.708108104,19.0,8.0,0.4736530491415038,2.0,0.0907441016333938,2019
12057013205,0.566666667,13.033333341,23.0,10.0,0.5773672055427251,3.0,0.1323334803705337,2019
12057013208,0.444444444,3.555555552,8.0,3.0,0.2463054187192118,4.0,0.2440512507626601,2019
12057013305,0.5,3.0,6.0,6.0,0.5671077504725899,1.0,0.0688231245698554,2019
12057013407,0.411764706,9.470588238,23.0,14.0,0.9543285616905248,1.0,0.0458505272810637,2019
12057013802,0.5371900829999999,23.099173569,43.0,2.0,0.6097560975609756,1.0,0.1661129568106312,2019
12057013803,0.460431655,18.4172662,40.0,1.0,0.9174311926605504,,,2019
12057014003,0.0,0.0,0.0,1.0,0.3174603174603174,0.0,0.0,2019
12057014109,0.445945946,15.162162164,34.0,11.0,1.0128913443830572,5.0,0.3168567807351077,2019
12057013505,0.524475524,21.503496484,41.0,4.0,0.997506234413965,,,2019
12057013702,0.5491803279999999,27.4590164,50.0,17.0,0.8660213958227204,22.0,0.8390541571319604,2019
12057013907,0.533333333,1.599999999,3.0,0.0,0.0,,,2019
12057000500,0.395348837,8.302325577,21.0,11.0,1.2716763005780347,1.0,0.0719424460431654,2019
12057001200,0.428571429,17.14285716,40.0,5.0,1.6233766233766231,1.0,0.1709401709401709,2019
12057001500,0.461538462,2.769230772,6.0,1.0,0.1410437235543018,,,2019
12057001600,0.634146341,8.878048774,14.0,2.0,0.5509641873278237,,,2019
12057011515,0.4583333329999999,3.2083333309999995,7.0,8.0,0.9523809523809524,2.0,0.1733102253032928,2019
12057013001,0.492385787,28.558375646,58.0,1.0,0.2267573696145124,0.0,0.0,2019
12057000700,0.528114664,126.74751935999998,240.0,4.0,1.015228426395939,2.0,0.2869440459110474,2019
12057003200,0.541666667,11.916666674,22.0,0.0,0.0,,,2019
12057011107,0.486111111,4.374999999,9.0,4.0,0.3410059676044331,0.0,0.0,2019
12057011506,0.471910112,24.067415712000003,51.0,7.0,0.4716981132075472,11.0,0.5303760848601736,2019
12057012104,0.540983607,68.163934482,126.0,5.0,1.002004008016032,2.0,0.2232142857142857,2019
12057011802,0.557377049,12.819672127,23.0,6.0,0.539568345323741,2.0,0.1241464928615766,2019
12057011804,0.609195402,23.758620678,39.0,4.0,0.6514657980456027,0.0,0.0,2019
12057012108,0.561797753,18.539325849,33.0,6.0,1.0186757215619695,3.0,0.3496503496503496,2019
12057012209,0.461538462,5.5384615440000005,12.0,6.0,0.6550218340611353,2.0,0.1631321370309951,2019
12057012210,0.481012658,7.21518987,15.0,4.0,0.5689900426742532,1.0,0.069492703266157,2019
12057012211,0.545454545,1.636363635,3.0,,,0.0,0.0,2019
12057012212,0.517985612,48.172661916,93.0,3.0,1.0309278350515465,1.0,0.2777777777777778,2019
12057012213,0.508196721,9.655737699,19.0,10.0,1.2706480304955527,0.0,0.0,2019
12057012503,0.609756098,20.731707332,34.0,2.0,0.2506265664160401,7.0,0.5714285714285714,2019
12057010810,0.511764706,15.864705886,31.0,5.0,3.571428571428571,1.0,0.3831417624521072,2019
12057010811,0.507418398,75.097922904,148.0,5.0,1.160092807424594,7.0,0.7909604519774011,2019
12057010812,0.518115942,84.971014488,164.0,,,3.0,0.967741935483871,2019
12057010813,0.517426273,61.056300214,118.0,0.0,0.0,,,2019
12057007002,0.508474576,16.779661008,33.0,1.0,0.5291005291005291,2.0,0.6134969325153374,2019
12057007102,0.398305085,7.9661017,20.0,0.0,0.0,1.0,0.2506265664160401,2019
12057007103,0.5,6.5,13.0,8.0,1.118881118881119,1.0,0.0919963201471941,2019
12057010209,0.487922705,26.34782607,54.0,16.0,0.6630750103605471,39.0,1.2918184829413717,2019
12057010210,0.510869565,25.54347825,50.0,3.0,0.9316770186335404,4.0,0.7590132827324478,2019
12057010211,0.4651162789999999,13.488372091,29.0,3.0,0.315126050420168,8.0,0.612088752869166,2019
12057010212,0.416666667,4.166666670000001,10.0,3.0,0.267379679144385,6.0,0.4098360655737705,2019
12057010213,0.6,6.6,11.0,2.0,0.6430868167202572,,,2019
12057010214,0.666666667,1.333333334,2.0,,,,,2019
12057010501,0.50989011,98.91868134,194.0,13.0,3.1630170316301705,8.0,0.97442143727162,2019
12057010502,0.478527607,22.969325136,48.0,1.0,0.303030303030303,2.0,0.4319654427645789,2019
12057010809,0.50862069,17.80172415,35.0,1.0,0.4587155963302752,1.0,0.2754820936639118,2019
12057011710,0.485207101,38.81656808,80.0,2.0,0.3003003003003003,3.0,0.3089598352214212,2019
12057011712,0.520833333,16.145833323,31.0,4.0,0.5141388174807198,0.0,0.0,2019
12057011904,0.545945946,22.383783786,41.0,0.0,0.0,,,2019
12057011905,0.552941176,12.164705872,22.0,0.0,0.0,,,2019
12057011906,0.425454545,38.29090905,90.0,1.0,0.2469135802469135,0.0,0.0,2019
12057012107,0.447916667,17.020833346000003,38.0,3.0,0.5988023952095809,0.0,0.0,2019
12057004800,0.551401869,8.271028035,15.0,5.0,0.8264462809917356,0.0,0.0,2019
12057006200,0.476190476,1.904761904,4.0,1.0,0.0928505106778087,0.0,0.0,2019
12057006400,0.473684211,2.368421055,5.0,4.0,0.4098360655737705,0.0,0.0,2019
12057006600,0.381818182,8.781818186,23.0,5.0,0.8741258741258742,5.0,0.4935834155972359,2019
12057010401,0.5729537370000001,44.690391486,78.0,6.0,1.056338028169014,1.0,0.1127395715896279,2019
12057012504,0.416666667,2.500000002,6.0,4.0,0.4319654427645789,6.0,0.5176876617773942,2019
12057013315,0.441340782,67.96648042800001,154.0,6.0,7.5,2.0,1.30718954248366,2019
12057013316,0.572519084,57.2519084,100.0,,,0.0,,2019
12057013317,0.439189189,33.378378364,76.0,,,,,2019
12057013318,0.4234234229999999,66.05405398799999,156.0,0.0,0.0,0.0,0.0,2019
12057013319,0.4379562039999999,45.54744521599999,104.0,2.0,0.1829826166514181,1.0,0.0787401574803149,2019
12057013320,0.5,32.0,64.0,3.0,0.911854103343465,4.0,0.8492569002123143,2019
12057013321,0.489655172,20.075862052,41.0,5.0,0.3625815808556925,6.0,0.3764115432873274,2019
12057013322,0.410828025,50.531847075,123.0,2.0,0.2072538860103626,4.0,0.2991772625280479,2019
12057013410,0.511945392,26.621160384,52.0,4.0,0.5376344086021506,6.0,0.576923076923077,2019
12057013411,0.56,7.280000000000001,13.0,3.0,0.5263157894736842,1.0,0.1026694045174538,2019
12057013412,0.474576271,9.49152542,20.0,3.0,0.4243281471004243,5.0,0.4694835680751174,2019
12057013413,0.461538462,6.923076930000001,15.0,6.0,0.5964214711729622,2.0,0.1514004542013626,2019
12057013414,0.471698113,10.377358486,22.0,11.0,0.8600469116497262,0.0,0.0,2019
12057013912,0.535714286,9.107142862,17.0,6.0,0.6593406593406593,1.0,0.0828500414250207,2019
12057012701,0.537878788,19.901515156,37.0,7.0,1.4799154334038054,1.0,0.1138952164009111,2019
12057013204,0.588235294,17.058823525999998,29.0,3.0,0.5825242718446602,1.0,0.0808407437348423,2019
12057013908,0.4835164839999999,14.50549452,30.0,10.0,0.4800768122899664,18.0,0.5737966209754543,2019
12057012600,0.571428571,13.142857133,23.0,9.0,1.1494252873563218,2.0,0.1680672268907563,2019
12057003000,0.529761905,27.54761906,52.0,2.0,1.834862385321101,,,2019
12057005000,0.508474576,18.305084736,36.0,1.0,1.5384615384615383,,,2019
12057006900,0.54,16.740000000000002,31.0,7.0,0.6499535747446611,0.0,0.0,2019
12057010304,0.535714286,4.8214285740000005,9.0,3.0,0.4975124378109453,0.0,0.0,2019
12057011416,0.534653465,18.712871275,35.0,8.0,0.7048458149779736,17.0,1.0585305105853051,2019
12057013704,0.594095941,45.745387457,77.0,9.0,0.6550218340611353,6.0,0.3378378378378378,2019
12057013415,0.454545455,2.272727275,5.0,9.0,1.0356731875719216,0.0,0.0,2019
12057013604,0.518072289,9.843373491,19.0,2.0,4.761904761904762,,,2019
12057013703,0.541436464,23.281767952,43.0,18.0,1.565217391304348,2.0,0.145985401459854,2019
12057013806,0.653846154,7.192307694,11.0,1.0,0.1904761904761904,1.0,0.1402524544179523,2019
12057013807,0.529411765,21.705882365,41.0,15.0,0.8361204013377926,23.0,0.9913793103448276,2019
12057013913,0.344827586,5.862068962,17.0,13.0,0.7527504342790967,13.0,0.484893696381947,2019
12057013914,0.533333333,2.666666665,5.0,2.0,0.4048582995951417,1.0,0.1111111111111111,2019
12057013915,0.5,13.5,27.0,21.0,1.175153889199776,19.0,0.903471231573942,2019
12057013916,0.505747126,20.229885040000003,40.0,24.0,0.9615384615384616,20.0,0.6337135614702154,2019
12057013917,0.432835821,22.507462692,52.0,12.0,0.8480565371024734,9.0,0.5220417633410672,2019
12057013918,0.625,3.75,6.0,4.0,1.49812734082397,,,2019
12057013919,0.4428571429999999,11.514285717999998,26.0,11.0,0.7417397167902899,5.0,0.2831257078142695,2019
12057013920,0.0,0.0,0.0,4.0,0.628930817610063,0.0,0.0,2019
12057013921,0.25,0.75,3.0,0.0,0.0,3.0,0.2409638554216867,2019
12057012301,0.447154472,15.203252048,34.0,10.0,0.9328358208955224,5.0,0.2942907592701589,2019
12057013501,0.602189781,19.270072992,32.0,3.0,0.6741573033707865,1.0,0.1373626373626373,2019
12057011003,0.581395349,49.418604665,85.0,4.0,0.97323600973236,2.0,0.2844950213371266,2019
12057011612,0.518181818,20.209090902,39.0,7.0,0.688298918387414,4.0,0.249221183800623,2019
12057012207,0.560606061,11.21212122,20.0,16.0,1.0936431989063569,8.0,0.3846153846153846,2019
12057012303,0.537634409,18.817204315,35.0,5.0,1.4367816091954022,,,2019
12057012401,0.45,6.3,14.0,4.0,0.6568144499178982,,,2019
12057012702,0.593406593,12.461538453,21.0,5.0,1.5432098765432098,0.0,0.0,2019
12057013004,0.466666667,3.266666669,7.0,6.0,1.1009174311926606,1.0,0.1047120418848167,2019
12057013100,0.45,2.25,5.0,2.0,0.5602240896358543,,,2019
12057013203,0.375,1.5,4.0,3.0,0.4098360655737705,0.0,0.0,2019
12057013207,0.454545455,5.45454546,12.0,5.0,0.697350069735007,1.0,0.0777000777000777,2019
12057013313,0.515151515,5.666666665,11.0,9.0,1.1335012594458438,4.0,0.3012048192771084,2019
12057014108,0.419642857,18.464285708,44.0,6.0,0.9404388714733544,3.0,0.2548853016142736,2019
12057012106,0.461538462,6.923076930000001,15.0,2.0,0.1902949571836346,1.0,0.0617283950617283,2019
12057012900,0.56,11.2,20.0,10.0,4.329004329004329,0.0,0.0,2019
12057011415,0.648648649,6.48648649,10.0,2.0,0.1655629139072847,1.0,0.06150061500615,2019
12057011514,0.457142857,4.57142857,10.0,12.0,0.9302325581395348,6.0,0.3259098316132536,2019
12057011607,0.481203008,19.729323328,41.0,2.0,0.1881467544684854,2.0,0.0808080808080808,2019
12057011613,0.598253275,37.689956325,63.0,17.0,2.910958904109589,0.0,0.0,2019
12057011706,0.477848101,59.253164524000006,124.0,5.0,0.7363770250368188,,,2019
12057012002,0.530726257,46.703910616,88.0,5.0,0.984251968503937,0.0,0.0,2019
12057012501,0.55,7.15,13.0,6.0,1.079136690647482,3.0,0.2717391304347826,2019
12057013310,0.444444444,11.1111111,25.0,5.0,0.9823182711198428,6.0,0.8968609865470852,2019
12057013311,0.439393939,17.57575756,40.0,5.0,1.6339869281045754,2.0,0.33003300330033,2019
12057000800,0.531446541,36.669811329,69.0,3.0,0.6578947368421052,,,2019
12057004200,0.540540541,5.945945951000001,11.0,10.0,5.347593582887701,,,2019
12057004300,0.487437186,2.924623116,6.0,1.0,12.5,,,2019
12057005101,0.386666667,14.693333346,38.0,47.0,19.34156378600823,3.0,0.9174311926605504,2019
12057005900,0.470588235,4.70588235,10.0,7.0,0.5223880597014926,2.0,0.097323600973236,2019
12057006700,0.590909091,10.636363638,18.0,2.0,0.1354096140825998,2.0,0.1032524522457408,2019
12057010106,0.595744681,4.170212767,7.0,7.0,1.0071942446043165,,,2019
12057010204,0.5792682929999999,71.829268332,124.0,5.0,0.8445945945945946,2.0,0.1895734597156398,2019
12057010805,0.574754902,124.147058832,216.0,1.0,0.9345794392523364,0.0,0.0,2019
12057010900,,,,,,,,2019
12057011007,0.428571429,2.571428574,6.0,5.0,0.6510416666666667,3.0,0.2811621368322399,2019
12057011010,0.610687023,28.091603058,46.0,5.0,0.7246376811594203,5.0,0.5005005005005005,2019
12057011205,0.764705882,6.117647056,8.0,2.0,0.3454231433506045,0.0,0.0,2019
12057011410,0.375,6.0,16.0,7.0,0.440251572327044,5.0,0.2401536983669548,2019
12057011411,0.444444444,1.777777776,4.0,3.0,0.8310249307479225,1.0,0.1949317738791423,2019
12057011204,0.433823529,73.74999993,170.0,4.0,0.3976143141153081,0.0,0.0,2019
12057011301,0.4642857139999999,2.785714284,6.0,5.0,0.6765899864682002,1.0,0.0958772770853307,2019
12057011414,0.406091371,23.553299518000003,58.0,8.0,0.7575757575757576,2.0,0.1392757660167131,2019
12057011610,0.515625,19.59375,38.0,4.0,0.8247422680412372,0.0,0.0,2019
12057000102,0.591101695,68.56779662,116.0,3.0,0.641025641025641,0.0,0.0,2019
12057011504,1.0,1.0,1.0,3.0,0.7518796992481203,0.0,0.0,2019
12057014106,0.526315789,7.368421046,14.0,4.0,0.6884681583476765,0.0,0.0,2019
12057012800,0.583333333,3.499999998,6.0,13.0,1.808066759388039,,,2019
12057010108,0.5,1.0,2.0,2.0,0.5882352941176471,,,2019
